연도,상/하반기,재공급/신규공급,평수,주택명,주소지,자치구,지역등급,교통등급,모집규모밀도,당첨자순위,당첨자 가점,모집규모밀도_건수
2021,상,재공급,-,백년빌,강남구 개포로24길 13,강남구,A,13분,0.000184211,1순위,5점,28
2021,상,신규공급,23B(개방형),강동서영스윗홈,강동구 천중로48길 9-13,강동구,C,5분,0.001442597,1순위,7점,144
2021,상,신규공급,35A(분리형),강동서영스윗홈,강동구 천중로48길 9-13,강동구,C,5분,0.001442597,1순위,7점,144
2021,상,재공급,-,수유동 569-17,"강북구 삼양로131길 68, 수유동 569-17",강북구,C,5분,0.000848101,1순위,5점,67
2021,상,재공급,-,자양에스하임4,광진구 뚝섬로49길 60,광진구,B,8분,0.000429825,1순위,8점,49
2021,상,재공급,-,자양에스하임11,광진구 아차산로46가길 10-3,광진구,B,6분,0.000429825,1순위,9점,49
2021,상,신규공급,29B(개방형),대정이오스,구로구 오리로13길 50,구로구,C,9분,0.00106087,2순위,6점,122
2021,상,신규공급,43A(분리형),대정이오스,구로구 오리로13길 50,구로구,C,9분,0.00106087,1순위,7점,122
2021,상,신규공급,-,아임빌 7차,금천구 독산로20길 13,금천구,C,25분,0.001,2순위,6점,78
2021,상,신규공급,-,,"금천구 범안로12길 50, 제1동",금천구,C,4분,0.001,1순위,4점,78
2021,상,신규공급,-,,"금천구 범안로12길 50, 제2동",금천구,C,4분,0.001,1순위,4점,78
2021,상,재공급,-,시흥동 849-32,"금천구 독산로33길 32, B단지, 시흥동 849-32",금천구,C,12분,0.001,-,-,78
2021,상,재공급,29A(분리형),휴먼에코빌 4차,"금천구 독산로96길 27-6, B동",금천구,C,22분,0.001,1순위,7점,78
2021,상,재공급,40C(투룸),휴먼에코빌 4차,"금천구 독산로96길 27-6, B동",금천구,C,22분,0.001,1순위,8점,78
2021,상,신규공급,-,씨앤제이빌,도봉구 도당로9길 15-3,도봉구,B,21분,0.000166667,1순위,7점,13
2021,상,재공급,-,제기홈,동대문구 경동시장로9가길 21,동대문구,B,6분,0.000284404,-,-,31
2021,상,재공급,-,삼화에코빌2차,"동대문구 답십리로 65길 114, A동",동대문구,B,29분,0.000284404,1순위,7점,31
2021,상,재공급,-,진흥하임시티,마포구 성미산로 21,마포구,A,4분,0.000226115,1순위,11점,28
2021,상,재공급,-,대명파크뷰,마포구 포은로 91,마포구,A,6분,0.000226115,1순위,9점,28
2021,상,재공급,-,주영테크빌,서대문구 증가로12가길 68,서대문구,B,11분,0.000381443,1순위,2점,37
2021,상,재공급,-,다움파크빌,서대문구 증가로24가길 11,서대문구,B,9분,0.000381443,1순위,7점,37
2021,상,재공급,-,홍은동 411-5,서대문구 증가로8길 68-24,서대문구,B,30분,0.000381443,1순위,5점,37
2021,상,재공급,-,르비앙휴,서대문구 증가로8길 76-6,서대문구,B,31분,0.000381443,1순위,5점,37
2021,상,재공급,-,르비앙휴,서대문구 포방터2다길 7,서대문구,B,24분,0.000381443,2순위,5점,37
2021,상,재공급,-,현인그린빌,서대문구 홍은중앙로8길 9,서대문구,B,21분,0.000381443,1순위,3점,37
2021,상,신규공급,29B(개방형),반포삼이하우스,서초구 주흥6길 33,서초구,A,6분,0.000342105,1순위,8점,39
2021,상,신규공급,34A(분리형),반포삼이하우스,서초구 주흥6길 33,서초구,A,6분,0.000342105,1순위,8점,39
2021,상,신규공급,29B(개방형),동우빌라트서초,서초구 효령로46길 32-5,서초구,A,10분,0.000342105,1순위,5점,39
2021,상,신규공급,35A(분리형),동우빌라트서초,서초구 효령로46길 32-5,서초구,A,10분,0.000342105,1순위,8점,39
2021,상,재공급,-,백년빌,서초구 논현로5길 24-10,서초구,A,12분,0.000342105,1순위,2점,39
2021,상,재공급,-,드림빌2차,성북구 서경로13길 33,성북구,A,8분,0.000327273,1순위,7점,45
2021,상,재공급,-,광진홈,성북구 솔샘로6가길 42,성북구,A,3분,0.000327273,1순위,10점,45
2021,하,재공급,,백년빌,"서울특별시 강남구 개포로24길 13, 개포동 1216-7",강남구,A,13분,0.000184211,1순위,5점,28
2021,하,신규공급,26B,백년빌,"서울특별시 강남구 논현로57길 39, 도곡동 547-2",강남구,A,10분,0.000184211,1순위,4점,28
2021,하,신규공급,33A,백년빌,"서울특별시 강남구 논현로57길 39, 도곡동 547-2",강남구,A,10분,0.000184211,1순위,8점,28
2021,하,신규공급,,백년빌,"서울특별시 강남구 도곡로18길 10, 도곡동 547-11",강남구,A,10분,0.000184211,1순위,3점,28
2021,하,신규공급,27B,와이디하우스,"서울특별시 강동구 구천면로35길 27, 천호동 391-21,26",강동구,C,10분,0.001442597,2순위,4점,144
2021,하,신규공급,38A,와이디하우스,"서울특별시 강동구 구천면로35길 27, 천호동 391-21,26",강동구,C,10분,0.001442597,2순위,5점,144
2021,하,재공급,,해담빌,"서울특별시 강동구 구천면로40길 7, 천호동 237-27",강동구,C,10분,0.001442597,2순위,5점,144
2021,하,신규공급,27B,신우휴먼빌암사2차,"서울특별시 강동구 암사길 83-13, 암사동 433-85,88",강동구,C,13분,0.001442597,2순위,4점,144
2021,하,신규공급,35A,신우휴먼빌암사2차,"서울특별시 강동구 암사길 83-13, 암사동 433-85,88",강동구,C,13분,0.001442597,2순위,5점,144
2021,하,신규공급,45A,신우휴먼빌암사2차,"서울특별시 강동구 암사길 83-13, 암사동 433-85,88",강동구,C,13분,0.001442597,1순위,0점,144
2021,하,신규공급,21B,강동서영스윗홈6,"서울특별시 강동구 양재대로91길 82, 성내동 420-49",강동구,C,6분,0.001442597,2순위,5점,144
2021,하,신규공급,27B,강동서영스윗홈6,"서울특별시 강동구 양재대로91길 82, 성내동 420-49",강동구,C,6분,0.001442597,2순위,7점,144
2021,하,신규공급,35A,강동서영스윗홈6,"서울특별시 강동구 양재대로91길 82, 성내동 420-49",강동구,C,6분,0.001442597,1순위,5점,144
2021,하,신규공급,22B,강동서영스윗홈5,"서울특별시 강동구 양재대로91길 84, 성내동 420-4",강동구,C,6분,0.001442597,2순위,4점,144
2021,하,신규공급,27B,강동서영스윗홈5,"서울특별시 강동구 양재대로91길 84, 성내동 420-4",강동구,C,6분,0.001442597,2순위,8점,144
2021,하,신규공급,26A,은슬림7,"서울특별시 강동구 진황도로23길 20-1, 천호동 541-2,3",강동구,C,7분,0.001442597,2순위,8점,144
2021,하,신규공급,26B,은슬림7,"서울특별시 강동구 진황도로23길 20-1, 천호동 541-2,3",강동구,C,7분,0.001442597,2순위,3점,144
2021,하,신규공급,30A,은슬림8,"서울특별시 강동구 진황도로23길 22, 천호동 541외",강동구,C,7분,0.001442597,2순위,5점,144
2021,하,신규공급,35C,은슬림8,"서울특별시 강동구 진황도로23길 22, 천호동 541외",강동구,C,7분,0.001442597,1순위,3점,144
2021,하,재공급,,천호파크빌1,"서울특별시 강동구 천중로18길 10, 천호동 364-6외",강동구,C,9분,0.001442597,2순위,5점,144
2021,하,신규공급,21B,홍원하이빌강북7,"서울특별시 강북구 삼양로119길 22, 수유동 313-6",강북구,C,5분,0.000848101,2순위,2점,67
2021,하,신규공급,27B,홍원하이빌강북7,"서울특별시 강북구 삼양로119길 22, 수유동 313-6",강북구,C,5분,0.000848101,2순위,5점,67
2021,하,신규공급,,홍원하이빌강북6,"서울특별시 강북구 인수봉로82길 26, 수유동 291-59",강북구,C,6분,0.000848101,2순위,2점,67
2021,하,재공급,,현대그린빌,"서울특별시 강서구 공항대로75길 47, 염창동 263-11",강서구,B,3분,8.45E-05,1순위,6점,15
2021,하,재공급,,구의에스하임1,"서울특별시 광진구 광나루로30나길 15, 구의동 638-5,6",광진구,B,10분,0.000429825,1순위,2점,49
2021,하,재공급,,자양에스하임11,"서울특별시 광진구 아차산로46가길 10-3, 자양동 218-9",광진구,B,6분,0.000429825,1순위,10점,49
2021,하,신규공급,28B,모던하우스,"서울특별시 구로구 개봉로15길 36-25, 개봉동 332-32,4",구로구,C,12분,0.00106087,2순위,2점,122
2021,하,신규공급,33A,모던하우스,"서울특별시 구로구 개봉로15길 36-25, 개봉동 332-32,4",구로구,C,12분,0.00106087,2순위,3점,122
2021,하,신규공급,37A,계림웨스트밸리,"서울특별시 구로구 경인로 70, 오류동 360",구로구,C,7분,0.00106087,2순위,8점,122
2021,하,신규공급,49A,계림웨스트밸리,"서울특별시 구로구 경인로 70, 오류동 360",구로구,C,7분,0.00106087,2순위,6점,122
2021,하,신규공급,22B,낙원가우디움,"서울특별시 구로구 고척로27마길 26-11, 고척동 241-157",구로구,C,25분,0.00106087,3순위,5점,122
2021,하,신규공급,28B,낙원가우디움,"서울특별시 구로구 고척로27마길 26-11, 고척동 241-157",구로구,C,25분,0.00106087,2순위,4점,122
2021,하,신규공급,23B,하늘사랑채3차,"서울특별시 구로구 고척로33나길 4, 고척동 253-40,56",구로구,C,19분,0.00106087,2순위,0점,122
2021,하,신규공급,27B,하늘사랑채3차,"서울특별시 구로구 고척로33나길 4, 고척동 253-40,56",구로구,C,19분,0.00106087,2순위,2점,122
2021,하,신규공급,20B,명진하이빌,"서울특별시 구로구 부일로17길 44, 궁동 190-84,85",구로구,C,11분,0.00106087,2순위,2점,122
2021,하,신규공급,24B,명진하이빌,"서울특별시 구로구 부일로17길 44, 궁동 190-84,85",구로구,C,11분,0.00106087,3순위,7점,122
2021,하,신규공급,29B,명진하이빌,"서울특별시 구로구 부일로17길 44, 궁동 190-84,85",구로구,C,11분,0.00106087,2순위,2점,122
2021,하,신규공급,28B,아이빌10차,"서울특별시 금천구 금하로23나길 29, 시흥동 826-38",금천구,C,30분,0.001,2순위,5점,78
2021,하,신규공급,44A,아이빌10차,"서울특별시 금천구 금하로23나길 29, 시흥동 826-38",금천구,C,30분,0.001,1순위,5점,78
2021,하,신규공급,,청춘가옥,"서울특별시 금천구 독산로50길 130-9, 시흥동 3-123",금천구,C,33분,0.001,2순위,3점,78
2021,하,재공급,,휴먼에코빌4차 A동,"서울특별시 금천구 독산로96길 27-6, 독산동 234-22",금천구,C,22분,0.001,1순위,3점,78
2021,하,재공급,,휴먼에코빌4차 B동,"서울특별시 금천구 독산로96길 27-6, 독산동 234-22",금천구,C,22분,0.001,-,-,78
2021,하,신규공급,21B,서전하우스,"서울특별시 금천구 범안로12가길 31-10, 독산동 1006-167",금천구,C,5분,0.001,2순위,4점,78
2021,하,신규공급,28A,서전하우스,"서울특별시 금천구 범안로12가길 31-10, 독산동 1006-167",금천구,C,5분,0.001,1순위,7점,78
2021,하,재공급,,독산로33길 32 B동,서울특별시 금천구 시흥동 849-32,금천구,C,12분,0.001,3순위,3점,78
2021,하,재공급,,월계동참조은원룸,"서울특별시 노원구 초안산로2라길 3-5, 월계동 655-8,9",노원구,A,2분,5.22E-05,1순위,5점,7
2021,하,신규공급,,위드151 B동,"서울특별시 도봉구 도봉로151길 63, 방학동 647-10",도봉구,B,6분,0.000166667,2순위,7점,13
2021,하,재공급,,우이천로42가길 12,서울특별시 도봉구 쌍문동 472-8,도봉구,B,6분,0.000166667,3순위,7점,13
2021,하,재공급,,제기홈,"서울특별시 동대문구 경동시장로9가길 21, 제기동 846-23,24",동대문구,B,9분,0.000284404,1순위,4점,31
2021,하,재공급,,삼화에코빌2차 A동,"서울특별시 동대문구 답십리로65길 114, 장안동 287-7,9",동대문구,B,15분,0.000284404,2순위,8점,31
2021,하,재공급,,더존에이스빌 가동,"서울특별시 동대문구 천호대로89길 51, 장안동 445-3",동대문구,B,7분,0.000284404,1순위,6점,31
2021,하,재공급,,더존에이스빌 나동,"서울특별시 동대문구 천호대로89길 51, 장안동 445-3",동대문구,B,7분,0.000284404,1순위,10점,31
2021,하,재공급,,더스페이스빌,"서울특별시 서대문구 증가로8길 68-24, 홍은동 411-5",서대문구,B,30분,0.000381443,1순위,4점,37
2021,하,재공급,,르비앙휴,"서울특별시 서대문구 증가로8길 76-6, 홍은동 407-24",서대문구,B,31분,0.000381443,-,-,37
2021,하,재공급,,르비앙휴,"서울특별시 서대문구 포방터2다길 7, 홍은동 8-541,542",서대문구,B,25분,0.000381443,1순위,1점,37
2021,하,재공급,,해담빌,"서울특별시 서대문구 홍제내2바길 7, 홍제동 360-40",서대문구,B,9분,0.000381443,1순위,7점,37
2021,하,재공급,,백년빌,"서울특별시 서초구 논현로5길 24-10, 양재동 395-10",서초구,A,12분,0.000342105,1순위,2점,39
2021,하,재공급,,서초파크타운 B동,"서울특별시 서초구 반포대로5길 62, 서초동 1478-16",서초구,A,11분,0.000342105,1순위,7점,39
2021,하,신규공급,,와이하우스,"서울특별시 성동구 자동차시장3길 93, 용답동 238-5",성동구,A,6분,0.000159091,2순위,6점,14
2021,하,재공급,,드림빌,"서울특별시 성북구 서경로13길 31, 정릉동 227-85",성북구,A,8분,0.000327273,2순위,5점,45
2021,하,재공급,,드림빌2차,"서울특별시 성북구 서경로13길 33, 정릉동 227-149",성북구,A,8분,0.000327273,1순위,4점,45
2021,하,재공급,,광진홈,"서울특별시 성북구 솔샘로6가길 42, 정릉동 316-13",성북구,A,3분,0.000327273,2순위,7점,45
2021,하,재공급,,"서도휴빌 101,102,107동","서울특별시 성북구 장월로1마길 23, 하월곡동 231",성북구,A,6분,0.000327273,1순위,3점,45
2021,하,재공급,,"서도휴빌 103,104,106동","서울특별시 성북구 장월로1마길 23, 하월곡동 231",성북구,A,6분,0.000327273,1순위,7점,45
2021,하,신규공급,19B,비전하우스,"서울특별시 양천구 곰달래로1길 36-1, 신월동 135-16",양천구,B,24분,0.000353982,3순위,5점,40
2021,하,신규공급,24B,비전하우스,"서울특별시 양천구 곰달래로1길 36-1, 신월동 135-16",양천구,B,24분,0.000353982,3순위,5점,40
2021,하,신규공급,22B,에코리움빌,"서울특별시 양천구 남부순환로56가길 14, 신월동 197-8",양천구,B,28분,0.000353982,2순위,2점,40
2021,하,신규공급,28B,에코리움빌,"서울특별시 양천구 남부순환로56가길 14, 신월동 197-8",양천구,B,28분,0.000353982,2순위,4점,40
2021,하,신규공급,20B,에코리움빌,"서울특별시 양천구 남부순환로60길 12-10, 신월동 197-11외",양천구,B,17분,0.000353982,3순위,5점,40
2021,하,신규공급,27B,에코리움빌,"서울특별시 양천구 남부순환로60길 12-10, 신월동 197-11외",양천구,B,17분,0.000353982,2순위,2점,40
2021,하,신규공급,34A,에코리움빌,"서울특별시 양천구 남부순환로60길 12-10, 신월동 197-11외",양천구,B,17분,0.000353982,1순위,7점,40
2021,하,신규공급,20B,케이앰캐슬타운,"서울특별시 영등포구 선유서로26길 28, 양평동1가 208-1",영등포구,B,4분,0.000664,2순위,7점,83
2021,하,신규공급,30A,케이앰캐슬타운,"서울특별시 영등포구 선유서로26길 28, 양평동1가 208-1",영등포구,B,4분,0.000664,1순위,6점,83
2021,하,재공급,,양평에스하임2 가동,"서울특별시 영등포구 양평로28마길 24, 양평동6가 65",영등포구,B,8분,0.000664,1순위,5점,83
2021,하,재공급,,양평에스하임2 나동,"서울특별시 영등포구 양평로28마길 24, 양평동6가 65",영등포구,B,8분,0.000664,1순위,7점,83
2021,하,신규공급,20B,구산유앤아이하우스3,"서울특별시 은평구 연서로11길 29-10, 구산동 24-13",은평구,C,7분,0.000286822,2순위,5점,37
2021,하,신규공급,28B,구산유앤아이하우스3,"서울특별시 은평구 연서로11길 29-10, 구산동 24-13",은평구,C,7분,0.000286822,2순위,7점,37
2021,하,재공급,,다원빌,"서울특별시 종로구 지봉로12길 11, 숭인동 56-37",종로구,A,3분,0.000146341,1순위,7점,6
2021,하,신규공급,18B,도원휴먼빌,"서울특별시 중랑구 동일로123길 76, 중화동 315-31",중랑구,C,5분,0.000419048,2순위,7점,44
2021,하,신규공급,24B,도원휴먼빌,"서울특별시 중랑구 동일로123길 76, 중화동 315-31",중랑구,C,5분,0.000419048,1순위,2점,44
2021,하,신규공급,19B,도원휴먼빌,"서울특별시 중랑구 동일로169가길 27, 묵동 235-32",중랑구,C,4분,0.000419048,2순위,5점,44
2021,하,신규공급,28B,도원휴먼빌,"서울특별시 중랑구 동일로169가길 27, 묵동 235-32",중랑구,C,4분,0.000419048,1순위,2점,44
2021,하,신규공급,37A,도원휴먼빌,"서울특별시 중랑구 동일로169가길 27, 묵동 235-32",중랑구,C,4분,0.000419048,1순위,6점,44
2022,상,신규공급,29B,백년빌,"강남구 학동로20길 63-6, 백년빌 (논현동 158-26)",강남구,A,6분,0.000184211,1순위,5점,28
2022,상,신규공급,39A,백년빌,"강남구 학동로20길 63-6, 백년빌 (논현동 158-26)",강남구,A,6분,0.000184211,1순위,7점,28
2022,상,신규공급,28B,백년빌,"강남구 봉은사로13길 26, 백년빌 (논현동 189-5)",강남구,A,5분,0.000184211,1순위,4점,28
2022,상,신규공급,35A,백년빌,"강남구 봉은사로13길 26, 백년빌 (논현동 189-5)",강남구,A,5분,0.000184211,1순위,7점,28
2022,상,신규공급,29B,WISH희망,"강동구 천호대로168다길 6, WISH희망 (성내동 155-6)",강동구,C,3분,0.001442597,2순위,8점,144
2022,상,신규공급,37A,WISH희망,"강동구 천호대로168다길 6, WISH희망 (성내동 155-6)",강동구,C,3분,0.001442597,1순위,4점,144
2022,상,재공급,40A,WISH희망,"강동구 천호옛8길 3, 성내동 127-13",강동구,C,6분,0.001442597,-,-,144
2022,상,재공급,23B,강동서영스윗홈,"강동구 천중로48길 9-13, 길동 349-9",강동구,C,5분,0.001442597,2순위,5점,144
2022,상,신규공급,29B,더클래스천호1,"강동구 천중로29길 27, 더클래스천호1 (천호동 84-22외)",강동구,C,8분,0.001442597,2순위,5점,144
2022,상,신규공급,29A,신양그린,"강동구 고덕로 46, 신양그린 (암사동 462-22외)",강동구,C,7분,0.001442597,1순위,4점,144
2022,상,재공급,,해담빌,"강동구 구천면로40길 7, 천호동 237-27",강동구,C,10분,0.001442597,2순위,4점,144
2022,상,재공급,,성신하우스,"강북구 인수봉로38길 10, 성신하우스 (수유동 468-33)",강북구,C,5분,0.000848101,1순위,5점,67
2022,상,신규공급,32A,융성그린빌 2차,"강북구 인수봉로80길 17-5, 융성그린빌 2차 (수유동 291-121)",강북구,C,7분,0.000848101,1순위,5점,67
2022,상,신규공급,17B,STAY온-1,"관악구 남부순환로157길 3, STAY-온1 (신림동 507-20외)",관악구,B,10분,0.000338462,2순위,5점,66
2022,상,신규공급,26B,STAY온-1,"관악구 남부순환로157길 3, STAY-온1 (신림동 507-20외)",관악구,B,10분,0.000338462,2순위,6점,66
2022,상,신규공급,17B,STAY온-2,"관악구 남부순환로 1519, STAY-온2 (신림동 507-22)",관악구,B,10분,0.000338462,2순위,5점,66
2022,상,신규공급,26B,STAY온-2,"관악구 남부순환로 1519, STAY-온2 (신림동 507-22)",관악구,B,10분,0.000338462,2순위,7점,66
2022,상,재공급,27A,더리치,"광진구 긴고랑로1길 35, 중곡동 235-22외",광진구,B,11분,0.000429825,1순위,10점,49
2022,상,재공급,,지오빌,"광진구 자양번영로3나길 31, 자양동 589-5외",광진구,B,8분,0.000429825,1순위,5점,49
2022,상,신규공급,26B,도담마을,"구로구 가마산로20라길 13, 도담마을 (구로동 429-163)",구로구,C,8분,0.00106087,2순위,4점,122
2022,상,신규공급,20B,석윤주택,"구로구 고척로21가길 2-9, 석윤주택 (개봉동 33-125)",구로구,C,12분,0.00106087,2순위,4점,122
2022,상,신규공급,25B,석윤주택,"구로구 고척로21가길 2-9, 석윤주택 (개봉동 33-125)",구로구,C,12분,0.00106087,2순위,5점,122
2022,상,신규공급,29B,석윤주택,"구로구 고척로21가길 2-9, 석윤주택 (개봉동 33-125)",구로구,C,12분,0.00106087,2순위,5점,122
2022,상,신규공급,26A,독산리젠트빌,"금천구 벚꽃로12길 19, 독산리젠트빌 (독산동 1004-8)",금천구,C,3분,0.001,1순위,1점,78
2022,상,신규공급,26B,신영,"금천구 범안로11길 60, 신영 오피스텔 (독산동 333-14)",금천구,C,5분,0.001,2순위,5점,78
2022,상,재공급,,아이빌 7차,"금천구 독산로20길 13, 시흥동 833-13",금천구,C,25분,0.001,2순위,8점,78
2022,상,신규공급,21B,예인빌,"금천구 독산로64나길 12, 예인빌 (독산동 1040-43외)",금천구,C,24분,0.001,2순위,4점,78
2022,상,신규공급,24B,예인빌,"금천구 독산로64나길 12, 예인빌 (독산동 1040-43외)",금천구,C,24분,0.001,2순위,5점,78
2022,상,신규공급,27B,예인빌,"금천구 독산로64나길 12, 예인빌 (독산동 1040-43외)",금천구,C,24분,0.001,3순위,6점,78
2022,상,재공급,54C,휴먼에코빌4차 A동,"금천구 독산로96길 27-6, 독산동 234-22",금천구,C,22분,0.001,1순위,6점,78
2022,상,재공급,29A,휴먼에코빌4차 B동,"금천구 독산로96길 27-6, 독산동 234-22",금천구,C,22분,0.001,2순위,8점,78
2022,상,재공급,40C,휴먼에코빌4차 B동,"금천구 독산로96길 27-6, 독산동 234-22",금천구,C,22분,0.001,1순위,5점,78
2022,상,재공급,,동원힐하스,"노원구 공릉로26길 28, 공릉동 645-16",노원구,A,5분,5.22E-05,1순위,9점,7
2022,상,신규공급,40A,"온리유 가동, 나동","도봉구 도당로13라길 61, 온리유 가동 (방학동 627-33외)",도봉구,B,9분,0.000166667,1순위,3점,13
2022,상,신규공급,32A,휴먼에코빌 1차,"도봉구 도당로13라길 129, 휴먼에코빌1차 (방학동 645-39외)",도봉구,B,6분,0.000166667,1순위,2점,13
2022,상,신규공급,37A,휴먼에코빌 1차,"도봉구 도당로13라길 129, 휴먼에코빌1차 (방학동 645-39외)",도봉구,B,6분,0.000166667,1순위,2점,13
2022,상,재공급,55C,더존에이스빌 가동,"동대문구 천호대로89길 51, 장안동 445-3",동대문구,B,7분,0.000284404,1순위,10점,31
2022,상,재공급,56C,더존에이스빌 나동,"동대문구 천호대로89길 51, 장안동 445-3",동대문구,B,7분,0.000284404,1순위,10점,31
2022,상,신규공급,26B,성지파크빌,"동작구 남부순환로255길 16, 성지파크빌(사당동 303-42)",동작구,B,8분,0.000106557,2순위,7점,13
2022,상,신규공급,30B,성지파크빌,"동작구 남부순환로255길 16, 성지파크빌(사당동 303-42)",동작구,B,8분,0.000106557,2순위,8점,13
2022,상,신규공급,32A,성지파크빌,"동작구 남부순환로255길 16, 성지파크빌(사당동 303-42)",동작구,B,8분,0.000106557,1순위,9점,13
2022,상,신규공급,28B,드림하우징,"마포구 와우산로21길 31-19, 드림하우징 (서교동 364-13)",마포구,A,7분,0.000226115,1순위,4점,28
2022,상,신규공급,32A,드림하우징,"마포구 와우산로21길 31-19, 드림하우징 (서교동 364-13)",마포구,A,7분,0.000226115,1순위,9점,28
2022,상,신규공급,27B,연남하이츠,"마포구 성미산로19길 78, 연남하이츠 (연남동 478-4)",마포구,A,6분,0.000226115,1순위,4점,28
2022,상,신규공급,34A,연남하이츠,"마포구 성미산로19길 78, 연남하이츠 (연남동 478-4)",마포구,A,6분,0.000226115,1순위,7점,28
2022,상,신규공급,42A,연남하이츠,"마포구 성미산로19길 78, 연남하이츠 (연남동 478-4)",마포구,A,6분,0.000226115,1순위,7점,28
2022,상,신규공급,49D,연남하이츠,"마포구 성미산로19길 78, 연남하이츠 (연남동 478-4)",마포구,A,6분,0.000226115,1순위,10점,28
2022,상,신규공급,29A,YJ빌라,"서대문구 응암로 142-18, YJ빌라 (북가좌동 455-2)",서대문구,B,7분,0.000381443,1순위,5점,37
2022,상,신규공급,36A,YJ빌라,"서대문구 응암로 142-18, YJ빌라 (북가좌동 455-2)",서대문구,B,7분,0.000381443,1순위,2점,37
2022,상,재공급,,제이씨아트빌 2차,"서대문구 명지대5길 13, 남가좌동 3-68",서대문구,B,22분,0.000381443,1순위,8점,37
2022,상,재공급,,주영테크빌,"서대문구 증가로12가길 68, 북가좌동 5-92",서대문구,B,11분,0.000381443,2순위,5점,37
2022,상,재공급,43C,해담빌,"서대문구 홍제내2바길 7, 홍제동 360-40",서대문구,B,9분,0.000381443,1순위,7점,37
2022,상,재공급,,현인그린빌,"서대문구 홍은중앙로8길 9, 홍은동 9-108외",서대문구,B,24분,0.000381443,2순위,7점,37
2022,상,재공급,,백년빌,"서초구 논현로5길 15-20, 서초동 400-6",서초구,A,19분,0.000342105,1순위,4점,39
2022,상,재공급,,백년빌,"서초구 논현로7길 36, 서초동 392-20",서초구,A,11분,0.000342105,1순위,5점,39
2022,상,재공급,,서초파크타운 A동,"서초구 반포대로5길 64, 서초동 1478-9",서초구,A,11분,0.000342105,1순위,7점,39
2022,상,신규공급,21B,S-HOUSE A동,"성동구 고산자로17길 9, S-HOUSE A동 (마장동 564-16)",성동구,A,8분,0.000159091,1순위,3점,14
2022,상,신규공급,21B,S-HOUSE B동,"성동구 고산자로17길 9-1, S-HOUSE B동 (마장동 564-7)",성동구,A,8분,0.000159091,1순위,2점,14
2022,상,재공급,,드림빌 1차,"성북구 서경로13길 31, 정릉동 227-85",성북구,A,8분,0.000327273,1순위,3점,45
2022,상,재공급,,"서도휴빌 102동,107동","성북구 장월로1마길 23, 하월곡동 231",성북구,A,6분,0.000327273,1순위,7점,45
2022,상,재공급,,"서도휴빌 103동,105동,106동","성북구 장월로1마길 23, 하월곡동 231",성북구,A,6분,0.000327273,1순위,5점,45
2022,상,신규공급,25B,인화빌5,"성북구 장월로28길 49, 인화빌5 (장위동 77-58외)",성북구,A,10분,0.000327273,2순위,6점,45
2022,상,신규공급,29B,인화빌5,"성북구 장월로28길 49, 인화빌5 (장위동 77-58외)",성북구,A,10분,0.000327273,1순위,2점,45
2022,상,신규공급,39A,인화빌5,"성북구 장월로28길 49, 인화빌5 (장위동 77-58외)",성북구,A,10분,0.000327273,1순위,10점,45
2022,상,신규공급,24A,꿈꾸지오,"송파구 송파대로47길 6, 꿈꾸지오 (석촌동 182-4)",송파구,B,5분,0.000595855,1순위,5점,115
2022,상,신규공급,28A,꿈꾸지오,"송파구 송파대로47길 6, 꿈꾸지오 (석촌동 182-4)",송파구,B,5분,0.000595855,1순위,8점,115
2022,상,신규공급,44C,꿈꾸지오,"송파구 송파대로47길 6, 꿈꾸지오 (석촌동 182-4)",송파구,B,5분,0.000595855,1순위,8점,115
2022,상,신규공급,25B,네스트137,"송파구 백제고분로48길 41-15, 네스트137 (방이동 137-10)",송파구,B,6분,0.000595855,2순위,5점,115
2022,상,신규공급,29B,네스트137,"송파구 백제고분로48길 41-15, 네스트137 (방이동 137-10)",송파구,B,6분,0.000595855,1순위,5점,115
2022,상,신규공급,35A,네스트137,"송파구 백제고분로48길 41-15, 네스트137 (방이동 137-10)",송파구,B,6분,0.000595855,1순위,2점,115
2022,상,신규공급,34A,다온에코하임,"송파구 거마로9길 24-5, 다온에코하임 (거여동 135-54외)",송파구,B,6분,0.000595855,2순위,6점,115
2022,상,신규공급,42A,다온에코하임,"송파구 거마로9길 24-5, 다온에코하임 (거여동 135-54외)",송파구,B,6분,0.000595855,1순위,4점,115
2022,상,신규공급,27B,드림네스트,"송파구 가락로5길 3-75, 드림네스트 (석촌동 237-16외)",송파구,B,5분,0.000595855,2순위,7점,115
2022,상,신규공급,32A,드림네스트,"송파구 가락로5길 3-75, 드림네스트 (석촌동 237-16외)",송파구,B,5분,0.000595855,1순위,5점,115
2022,상,신규공급,26B,마천빌,"송파구 성내천로22길 1, 마천빌 (마천동 40-10",송파구,B,11분,0.000595855,2순위,5점,115
2022,상,신규공급,36A,마천빌,"송파구 성내천로22길 1, 마천빌 (마천동 40-10",송파구,B,11분,0.000595855,1순위,7점,115
2022,상,신규공급,31B,영스테이,"송파구 올림픽로12길 52-8, 영스테이 (잠실동 214-6)",송파구,B,6분,0.000595855,1순위,3점,115
2022,상,신규공급,36A,영스테이,"송파구 올림픽로12길 52-8, 영스테이 (잠실동 214-6)",송파구,B,6분,0.000595855,1순위,6점,115
2022,상,신규공급,40A,영스테이,"송파구 올림픽로12길 52-8, 영스테이 (잠실동 214-6)",송파구,B,6분,0.000595855,1순위,7점,115
2022,상,신규공급,23B,유케이타운,"송파구 삼전로10길 54, 유케이타운 (삼전동 116-3)",송파구,B,3분,0.000595855,2순위,7점,115
2022,상,신규공급,27B,유케이타운,"송파구 삼전로10길 54, 유케이타운 (삼전동 116-3)",송파구,B,3분,0.000595855,2순위,6점,115
2022,상,신규공급,28B,티엘하우스,"송파구 중대로14길 6, 티엘하우스 (가락동 129-11)",송파구,B,1분,0.000595855,2순위,5점,115
2022,상,신규공급,49A,티엘하우스,"송파구 중대로14길 6, 티엘하우스 (가락동 129-11)",송파구,B,1분,0.000595855,1순위,5점,115
2022,상,신규공급,35A,파인빌2,"송파구 백제고분로 42길 18-9, 파인빌2 (송파동 91-1)",송파구,B,4분,0.000595855,1순위,6점,115
2022,상,신규공급,30A,다온빌리지,"양천구 목동중앙본로20길 35, 다온빌리지 (목동 231-36)",양천구,B,9분,0.000353982,1순위,4점,40
2022,상,신규공급,39A,다온빌리지,"양천구 목동중앙본로20길 35, 다온빌리지 (목동 231-36)",양천구,B,9분,0.000353982,1순위,2점,40
2022,상,신규공급,19B,에코하임 5차,"양천구 목동중앙본로22길 52, 에코하임5차 (목동 231-77)",양천구,B,9분,0.000353982,2순위,5점,40
2022,상,신규공급,25B,에코하임 5차,"양천구 목동중앙본로22길 52, 에코하임5차 (목동 231-77)",양천구,B,9분,0.000353982,2순위,8점,40
2022,상,신규공급,34A,에코하임 5차,"양천구 목동중앙본로22길 52, 에코하임5차 (목동 231-77)",양천구,B,9분,0.000353982,1순위,0점,40
2022,상,신규공급,29B,경동파크빌,"영등포구 대림로35나길 14, 경동파크빌 (대림동 737-2)",영등포구,B,7분,0.000664,2순위,4점,83
2022,상,신규공급,35A,경동파크빌,"영등포구 대림로35나길 14, 경동파크빌 (대림동 737-2)",영등포구,B,7분,0.000664,2순위,7점,83
2022,상,신규공급,36B,경동파크빌,"영등포구 대림로35나길 14, 경동파크빌 (대림동 737-2)",영등포구,B,7분,0.000664,2순위,7점,83
2022,상,신규공급,20B,로프트시티,"영등포구 영등포로 244, 로프트시티 (영등포동3가 3-3외)",영등포구,B,5분,0.000664,2순위,7점,83
2022,상,신규공급,28B,명지파크빌,"영등포구 대림로16길 9, 명지파크빌 (대림동 858-34외)",영등포구,B,7분,0.000664,2순위,4점,83
2022,상,신규공급,37A,명지파크빌,"영등포구 대림로16길 9, 명지파크빌 (대림동 858-34외)",영등포구,B,7분,0.000664,2순위,7점,83
2022,상,신규공급,45A,명지파크빌,"영등포구 대림로16길 9, 명지파크빌 (대림동 858-34외)",영등포구,B,7분,0.000664,1순위,4점,83
2022,상,신규공급,28B,케이디하우스,"영등포구 영등포로35나길 5, 케이디하우스 (영등포동6가 30-5외)",영등포구,B,2분,0.000664,1순위,2점,83
2022,상,신규공급,42A,케이디하우스,"영등포구 영등포로35나길 5, 케이디하우스 (영등포동6가 30-5외)",영등포구,B,2분,0.000664,1순위,7점,83
2022,상,신규공급,26A,다이알로그191,"은평구 갈현로11길 26-11, 다이알로그191 (구산동 549)",은평구,C,20분,0.000286822,2순위,5점,37
2022,상,신규공급,27B,응암에코타운,"은평구16길 12, 응암에코타운 (응암동 72-6)",은평구,C,11분,0.000286822,2순위,7점,37
2022,상,재공급,,동일케슬,"중랑구 동일로148길 43, 묵동 128-60외",중랑구,C,6분,0.000419048,1순위,7점,44
2022,상,신규공급,19B,서영스윗홈,"중랑구 상봉로20길 91, 서영스윗홈 (망우동 460-4)",중랑구,C,10분,0.000419048,2순위,7점,44
2022,상,신규공급,24B,서영스윗홈,"중랑구 상봉로20길 91, 서영스윗홈 (망우동 460-4)",중랑구,C,10분,0.000419048,2순위,7점,44
2022,하,재공급,,백년빌,"서울특별시 강남구 도곡로18길 10, 백년빌 (도곡동 547-11)",강남구,A,10분,0.000184211,1순위,7점,28
2022,하,신규공급,27B,희준빌,"서울특별시 강남구 논현로121길 35, 희준빌 (논현동 173-5)",강남구,A,6분,0.000184211,1순위,5점,28
2022,하,신규공급,31B,희준빌,"서울특별시 강남구 논현로121길 35, 희준빌 (논현동 173-5)",강남구,A,6분,0.000184211,1순위,5점,28
2022,하,신규공급,34A,희준빌,"서울특별시 강남구 논현로121길 35, 희준빌 (논현동 173-5)",강남구,A,6분,0.000184211,1순위,8점,28
2022,하,신규공급,27A,Hwells PARK 천호1,"서울특별시 강동구 진황도로29길 35-3, Hwells PARK 천호1 (천호동 167-32)",강동구,C,5분,0.001442597,1순위,2점,144
2022,하,신규공급,43C,Hwells PARK 천호1,"서울특별시 강동구 진황도로29길 35-3, Hwells PARK 천호1 (천호동 167-32)",강동구,C,5분,0.001442597,1순위,8점,144
2022,하,재공급,35A,강동서영스윗홈,"서울특별시 강동구 천중로48길 9-13 (길동 349-9, 강동서영스윗홈)",강동구,C,5분,0.001442597,2순위,7점,144
2022,하,재공급,27B,강동서영스윗홈6,"서울특별시 강동구 양재대로91길 82, 강동서영스윗홈6 (성내동 420-49)",강동구,C,6분,0.001442597,2순위,5점,144
2022,하,신규공급,25B,더클래스길동2,"서울특별시 강동구 천중로49가길 47, 더클래스길동2(길동 342-30)",강동구,C,7분,0.001442597,2순위,5점,144
2022,하,신규공급,36B,더클래스길동2,"서울특별시 강동구 천중로49가길 47, 더클래스길동2(길동 342-30)",강동구,C,7분,0.001442597,2순위,5점,144
2022,하,신규공급,38A,더클래스길동2,"서울특별시 강동구 천중로49가길 47, 더클래스길동2(길동 342-30)",강동구,C,7분,0.001442597,1순위,7점,144
2022,하,신규공급,44A,더클래스길동2,"서울특별시 강동구 천중로49가길 47, 더클래스길동2(길동 342-30)",강동구,C,7분,0.001442597,1순위,1점,144
2022,하,신규공급,27B,성내어반스,"서울특별시 강동구 성안로9길 42-11, 성내어반스 (성내동 525-8)",강동구,C,9분,0.001442597,2순위,5점,144
2022,하,신규공급,33A,성내어반스,"서울특별시 강동구 성안로9길 42-11, 성내어반스 (성내동 525-8)",강동구,C,9분,0.001442597,1순위,5점,144
2022,하,재공급,30A,은슬림8,"서울특별시 강동구 진황도로23길 22, 은슬림8 (천호동 541외)",강동구,C,7분,0.001442597,2순위,5점,144
2022,하,재공급,35C,은슬림8,"서울특별시 강동구 진황도로23길 22, 은슬림8 (천호동 541외)",강동구,C,7분,0.001442597,1순위,3점,144
2022,하,재공급,,천호파크빌1,서울특별시 강동구 천중로18길 10 천호파크빌1 (천호동 364-6외),강동구,C,9분,0.001442597,2순위,5점,144
2022,하,신규공급,26B,천호해마루3차,"서울특별시 강동구 구천면로33길 37-9, 천호해마루3차 (천호동 577)",강동구,C,8분,0.001442597,1순위,2점,144
2022,하,신규공급,28A,천호해마루3차,"서울특별시 강동구 구천면로33길 37-9, 천호해마루3차 (천호동 577)",강동구,C,8분,0.001442597,2순위,8점,144
2022,하,신규공급,25B,허브빌,"서울특별시 강동구 올림픽로98가길 31-6, 허브빌 (암사동 493-15)",강동구,C,5분,0.001442597,1순위,5점,144
2022,하,신규공급,32A,허브빌,"서울특별시 강동구 올림픽로98가길 31-6, 허브빌 (암사동 493-15)",강동구,C,5분,0.001442597,1순위,8점,144
2022,하,신규공급,36A,허브빌,"서울특별시 강동구 올림픽로98가길 31-6, 허브빌 (암사동 493-15)",강동구,C,5분,0.001442597,1순위,7점,144
2022,하,신규공급,40A,허브빌,"서울특별시 강동구 올림픽로98가길 31-6, 허브빌 (암사동 493-15)",강동구,C,5분,0.001442597,1순위,7점,144
2022,하,신규공급,29B,현도빌리지5,"서울특별시 강동구 아리수로66길 14, 현도빌리지5 (고덕동 532-1)",강동구,C,10분,0.001442597,2순위,4점,144
2022,하,신규공급,33A,현도빌리지5,"서울특별시 강동구 아리수로66길 14, 현도빌리지5 (고덕동 532-1)",강동구,C,10분,0.001442597,2순위,4점,144
2022,하,신규공급,38A,현도빌리지5,"서울특별시 강동구 아리수로66길 14, 현도빌리지5 (고덕동 532-1)",강동구,C,10분,0.001442597,1순위,3점,144
2022,하,신규공급,43A,현도빌리지5,"서울특별시 강동구 아리수로66길 14, 현도빌리지5 (고덕동 532-1)",강동구,C,10분,0.001442597,2순위,6점,144
2022,하,신규공급,32B,현도빌리지6,"서울특별시 강동구 아리수로64길 8, 현도빌리지6 (고덕동 627)",강동구,C,10분,0.001442597,1순위,3점,144
2022,하,신규공급,40A,현도빌리지6,"서울특별시 강동구 아리수로64길 8, 현도빌리지6 (고덕동 627)",강동구,C,10분,0.001442597,2순위,7점,144
2022,하,신규공급,32A,더이룸하우스,"서울특별시 강북구 수유로 53-22, 더이룸하우스 (수유동 134-44외)",강북구,C,3분,0.000848101,1순위,5점,67
2022,하,신규공급,35A,더이룸하우스,"서울특별시 강북구 수유로 53-22, 더이룸하우스 (수유동 134-44외)",강북구,C,3분,0.000848101,1순위,5점,67
2022,하,신규공급,39A,더이룸하우스,"서울특별시 강북구 수유로 53-22, 더이룸하우스 (수유동 134-44외)",강북구,C,3분,0.000848101,1순위,5점,67
2022,하,신규공급,33A,도원휴먼빌,"서울특별시 강북구 삼양로163가길 10, 도원휴먼빌 (우이동 32-3)",강북구,C,5분,0.000848101,2순위,5점,67
2022,하,신규공급,36A,도원휴먼빌,"서울특별시 강북구 삼양로163가길 10, 도원휴먼빌 (우이동 32-3)",강북구,C,5분,0.000848101,2순위,8점,67
2022,하,신규공급,46A,도원휴먼빌,"서울특별시 강북구 삼양로163가길 10, 도원휴먼빌 (우이동 32-3)",강북구,C,5분,0.000848101,1순위,5점,67
2022,하,재공급,,성신하우스,"서울특별시 강북구 인수봉로38길 10, 성신하우스 (수유동 468-33)",강북구,C,5분,0.000848101,2순위,7점,67
2022,하,신규공급,32A,신림파크빌,"서울특별시 관악구 남부순환로155길 30, 신림파크빌 (신림동 505-10)",관악구,B,7분,0.000338462,1순위,6점,66
2022,하,신규공급,36A,신림파크빌,"서울특별시 관악구 남부순환로155길 30, 신림파크빌 (신림동 505-10)",관악구,B,7분,0.000338462,1순위,7점,66
2022,하,신규공급,44A,신림파크빌,"서울특별시 관악구 남부순환로155길 30, 신림파크빌 (신림동 505-10)",관악구,B,7분,0.000338462,1순위,8점,66
2022,하,신규공급,27B,더 하임,"서울특별시 광진구 영화사로 35-3, 더 하임 (중곡동 88-20외)",광진구,B,7분,0.000429825,2순위,7점,49
2022,하,신규공급,37A,더 하임,"서울특별시 광진구 영화사로 35-3, 더 하임 (중곡동 88-20외)",광진구,B,7분,0.000429825,1순위,5점,49
2022,하,재공급,,지오빌,"서울특별시 광진구 자양번영로3나길 31 지오빌 (자양동 589-5,6)",광진구,B,8분,0.000429825,2순위,9점,49
2022,하,재공급,49A,계림웨스트밸리,"서울특별시 구로구 경인로 70, 계림웨스트밸리 (오류동 360)",구로구,C,7분,0.00106087,1순위,6점,122
2022,하,재공급,22B,낙원가우디움,"서울특별시 구로구 고척로27마길 26-11, 낙원가우디움 (고척동 241-157)",구로구,C,25분,0.00106087,3순위,6점,122
2022,하,재공급,29B,대정이오스,"서울특별시 구로구 오리로13길 50 (오류동 240-7, 대정이오스)",구로구,C,9분,0.00106087,2순위,7점,122
2022,하,재공급,20B,명진하이빌,"서울특별시 구로구 부일로17길 44, 명진하이빌 (궁동 190-84,85)",구로구,C,12분,0.00106087,3순위,6점,122
2022,하,재공급,24B,명진하이빌,"서울특별시 구로구 부일로17길 44, 명진하이빌 (궁동 190-84,85)",구로구,C,12분,0.00106087,2순위,7점,122
2022,하,재공급,28B,모던하우스,"서울특별시 구로구 개봉로15길 36-25, 모던하우스 (개봉동 332-32)",구로구,C,9분,0.00106087,2순위,4점,122
2022,하,신규공급,29B,아이빌11차,"서울특별시 구로구 경인로47다길 20-3, 아이빌11차(고척동 57-19)",구로구,C,12분,0.00106087,2순위,5점,122
2022,하,신규공급,21A,예하임,"서울특별시 구로구 오리로22나길 16-50, 예하임 (궁동 134-7)",구로구,C,23분,0.00106087,3순위,5점,122
2022,하,신규공급,24A,예하임,"서울특별시 구로구 오리로22나길 16-50, 예하임 (궁동 134-7)",구로구,C,23분,0.00106087,3순위,5점,122
2022,하,신규공급,21B,하늘사랑채,"서울특별시 구로구 고척로21가길 32-10, 하늘사랑채 (개봉동 33-72)",구로구,C,11분,0.00106087,2순위,3점,122
2022,하,신규공급,30B,하늘사랑채,"서울특별시 구로구 고척로21가길 32-10, 하늘사랑채 (개봉동 33-72)",구로구,C,11분,0.00106087,2순위,5점,122
2022,하,신규공급,36A,하늘사랑채,"서울특별시 구로구 고척로21가길 32-10, 하늘사랑채 (개봉동 33-72)",구로구,C,11분,0.00106087,2순위,7점,122
2022,하,신규공급,19B,하늘사랑채5차 B동,"서울특별시 구로구 고척로27다길 39-7, 하늘사랑채5차 B동 (고척동 241-116)",구로구,C,25분,0.00106087,3순위,6점,122
2022,하,신규공급,33A,하늘사랑채5차 B동,"서울특별시 구로구 고척로27다길 39-7, 하늘사랑채5차 B동 (고척동 241-116)",구로구,C,25분,0.00106087,2순위,5점,122
2022,하,신규공급,19B,하늘사랑채5차,"서울특별시 구로구 고척로27다길 39-11, 하늘사랑채5차 (고척동 241-112)",구로구,C,25분,0.00106087,3순위,3점,122
2022,하,신규공급,30A,하늘사랑채5차,"서울특별시 구로구 고척로27다길 39-11, 하늘사랑채5차 (고척동 241-112)",구로구,C,25분,0.00106087,1순위,2점,122
2022,하,신규공급,36A,하늘사랑채5차,"서울특별시 구로구 고척로27다길 39-11, 하늘사랑채5차 (고척동 241-112)",구로구,C,25분,0.00106087,1순위,4점,122
2022,하,신규공급,21B,하늘사랑채6차,"서울특별시 구로구 경인로15가길 38, 하늘사랑채6차 (오류동 81-117)",구로구,C,9분,0.00106087,2순위,5점,122
2022,하,신규공급,30B,하늘사랑채6차,"서울특별시 구로구 경인로15가길 38, 하늘사랑채6차 (오류동 81-117)",구로구,C,9분,0.00106087,2순위,5점,122
2022,하,신규공급,32A,하늘사랑채6차,"서울특별시 구로구 경인로15가길 38, 하늘사랑채6차 (오류동 81-117)",구로구,C,9분,0.00106087,2순위,7점,122
2022,하,재공급,,A단지,"서울특별시 금천구 독산로33길 34 (시흥동 849-33, A단지)",금천구,C,12분,0.001,2순위,6점,78
2022,하,재공급,,B단지,"서울특별시 금천구 독산로33길 32 (시흥동 849-32, B단지)",금천구,C,12분,0.001,3순위,5점,78
2022,하,재공급,21B,서전하우스,"서울특별시 금천구 범안로12가길 31-10, 서전하우스 (독산동 1006-167)",금천구,C,5분,0.001,2순위,5점,78
2022,하,신규공급,29B,아이유하임,"서울특별시 금천구 독산로 293, 아이유하임 (독산동 1162)",금천구,C,26분,0.001,2순위,6점,78
2022,하,재공급,,쥬빌리2차,"서울특별시 금천구 범안로12길 50 쥬빌리2차 (독산동 1005-3, 제2동)",금천구,C,4분,0.001,2순위,7점,78
2022,하,재공급,,청춘가옥,"서울특별시 금천구 독산로50길 130-9, 청춘가옥 (시흥동 3-123)",금천구,C,33분,0.001,3순위,6점,78
2022,하,재공급,,제기홈,"서울특별시 동대문구 경동시장로9가길 21 제기홈 (제기동 846-23,24)",동대문구,B,6분,0.000284404,2순위,7점,31
2022,하,신규공급,26B,제이하우스,"서울특별시 동대문구 제기로6길 38, 제이하우스 (제기동 67-236)",동대문구,B,6분,0.000284404,1순위,5점,31
2022,하,신규공급,34A,제이하우스,"서울특별시 동대문구 제기로6길 38, 제이하우스 (제기동 67-236)",동대문구,B,6분,0.000284404,1순위,7점,31
2022,하,신규공급,29B,D&D house,"서울특별시 서대문구 연희로 168, D&D house (연희동 79-30)",서대문구,B,29분,0.000381443,1순위,7점,37
2022,하,재공급,29B,동우빌라트 서초,"서울특별시 서초구 효령로46길 32-5 (서초동 1481-14, 동우빌라트 서초)",서초구,A,10분,0.000342105,1순위,10점,39
2022,하,재공급,29B,반포삼이하우스,"서울특별시 서초구 주흥6길 33 (반포동 726-40, 반포삼이하우스)",서초구,A,6분,0.000342105,1순위,7점,39
2022,하,재공급,,백년빌,"서울특별시 서초구 논현로5길 15-20, 백년빌 (양재동 400-6)",서초구,A,19분,0.000342105,2순위,8점,39
2022,하,재공급,,서초파크타운 A동,"서울특별시 서초구 반포대로5길 64, 서초파크타운 A동 (서초동 1478-9)",서초구,A,11분,0.000342105,1순위,8점,39
2022,하,재공급,,와이하우스,"서울특별시 성동구 자동차시장3길 93 (와이하우스, 용답동 238-5)",성동구,A,6분,0.000159091,1순위,7점,14
2022,하,재공급,,드림빌2차,서울특별시 성북구 서경로13길 33 드림빌2차 (정릉동 227-149),성북구,A,8분,0.000327273,1순위,5점,45
2022,하,신규공급,28B,광채빌라,"서울특별시 송파구 삼전로2길 49, 광채빌라 (삼전동 53-19)",송파구,B,8분,0.000595855,2순위,7점,115
2022,하,신규공급,23B,네스트197,"서울특별시 송파구 오금로46길 65, 네스트197 (가락동 197-3)",송파구,B,9분,0.000595855,2순위,5점,115
2022,하,신규공급,26B,동명칭 없음,"서울특별시 송파구 가락로5길 13-15, 동명칭 없음 (석촌동 243-1)",송파구,B,6분,0.000595855,1순위,2점,115
2022,하,재공급,36A,동명칭 없음,서울특별시 송파구 백제고분로46길 41-7 (송파동 145-5),송파구,B,7분,0.000595855,1순위,5점,115
2022,하,신규공급,50A,동명칭 없음,"서울특별시 송파구 가락로5길 13-15, 동명칭 없음 (석촌동 243-1)",송파구,B,6분,0.000595855,1순위,9점,115
2022,하,신규공급,24B,서도휴빌,"서울특별시 송파구 문정로5길 3-34, 서도휴빌 (문정동 13-8)",송파구,B,8분,0.000595855,2순위,7점,115
2022,하,신규공급,26B,서도휴빌,"서울특별시 송파구 문정로5길 3-36, 서도휴빌 (문정동 13-7)",송파구,B,8분,0.000595855,2순위,5점,115
2022,하,신규공급,33A,서도휴빌,"서울특별시 송파구 문정로5길 3-36, 서도휴빌 (문정동 13-7)",송파구,B,8분,0.000595855,1순위,3점,115
2022,하,신규공급,34A,서도휴빌,"서울특별시 송파구 문정로5길 3-34, 서도휴빌 (문정동 13-8)",송파구,B,8분,0.000595855,1순위,7점,115
2022,하,신규공급,40A,서도휴빌,"서울특별시 송파구 문정로5길 3-34, 서도휴빌 (문정동 13-8)",송파구,B,8분,0.000595855,1순위,7점,115
2022,하,신규공급,29B,T&K신정,"서울특별시 양천구 오목로38길 23-5, T&K신정 (신정동 960-21외)",양천구,B,3분,0.000353982,2순위,7점,40
2022,하,신규공급,35A,T&K신정,"서울특별시 양천구 오목로38길 23-5, T&K신정 (신정동 960-21외)",양천구,B,3분,0.000353982,1순위,3점,40
2022,하,신규공급,39A,T&K신정,"서울특별시 양천구 오목로38길 23-5, T&K신정 (신정동 960-21외)",양천구,B,3분,0.000353982,1순위,8점,40
2022,하,신규공급,42A,T&K신정,"서울특별시 양천구 오목로38길 23-5, T&K신정 (신정동 960-21외)",양천구,B,3분,0.000353982,1순위,3점,40
2022,하,신규공급,46A,T&K신정,"서울특별시 양천구 오목로38길 23-5, T&K신정 (신정동 960-21외)",양천구,B,3분,0.000353982,1순위,8점,40
2022,하,재공급,19B,비전하우스,"서울특별시 양천구 곰달래로1길 36-1, 비전하우스 (신월동 135-16)",양천구,B,24분,0.000353982,2순위,5점,40
2022,하,재공급,20B,에코리움빌,"서울특별시 양천구 남부순환로60길 12-10, 에코리움빌 (신월동 197-11외)",양천구,B,29분,0.000353982,2순위,3점,40
2022,하,재공급,22B,에코리움빌,"서울특별시 양천구 남부순환로56가길 14, 에코리움빌 (신월동 197-8)",양천구,B,28분,0.000353982,2순위,0점,40
2022,하,신규공급,29B,남양파크빌,"서울특별시 영등포구 도림로48길 9, 남양파크빌 (대림동 700-28)",영등포구,B,6분,0.000664,1순위,2점,83
2022,하,신규공급,32A,남양파크빌,"서울특별시 영등포구 도림로48길 9, 남양파크빌 (대림동 700-28)",영등포구,B,6분,0.000664,1순위,2점,83
2022,하,신규공급,40A,남양파크빌,"서울특별시 영등포구 도림로48길 9, 남양파크빌 (대림동 700-28)",영등포구,B,6분,0.000664,1순위,7점,83
2022,하,신규공급,27B,삼정주택,"서울특별시 영등포구 영신로47길 13-1, 삼정주택 (당산동1가 230)",영등포구,B,6분,0.000664,1순위,4점,83
2022,하,신규공급,32A,삼정주택,"서울특별시 영등포구 영신로47길 13-1, 삼정주택 (당산동1가 230)",영등포구,B,6분,0.000664,1순위,5점,83
2022,하,신규공급,23B,양평바로지음,"서울특별시 영등포구 선유로24길 3-1, 양평바로지음 (양평동1가 31-7)",영등포구,B,6분,0.000664,2순위,8점,83
2022,하,재공급,,양평에스하임2 나동,"서울특별시 영등포구 양평로28마길 24, 양평에스하임2 나동 (양평동6가 65)",영등포구,B,7분,0.000664,1순위,5점,83
2022,하,재공급,20B,구산유앤아이하우스3,"서울특별시 은평구 연서로11길 29-10, 구산유앤아이하우스3 (구산동 24-13)",은평구,C,7분,0.000286822,1순위,7점,37
2022,하,신규공급,18B,서도휴파크,"서울특별시 종로구 종로 387, 서도휴파크 (숭인동 178-100)",종로구,A,4분,0.000146341,1순위,3점,6
2022,하,신규공급,28A,HwellsPARK장충1,"서울특별시 중구 장충단로 6길 45, HwellsPARK장충1 (장충동1가 50-2)",중구,A,5분,0.000297297,1순위,5점,11
2022,하,신규공급,28B,남산의아침 A동,"서울특별시 중구 필동로8길 50-9, 남산의아침 A동 (필동2가 84-12외)",중구,A,8분,0.000297297,1순위,2점,11
2022,하,신규공급,33A,남산의아침 A동,"서울특별시 중구 필동로8길 50-9, 남산의아침 A동 (필동2가 84-12외)",중구,A,8분,0.000297297,1순위,5점,11
2022,하,신규공급,28B,남산의아침 B동,"서울특별시 중구 필동로8길 50-9, 남산의아침 B동 (필동2가 84-12외)",중구,A,8분,0.000297297,1순위,3점,11
2022,하,신규공급,31A,남산의아침 B동,"서울특별시 중구 필동로8길 50-9, 남산의아침 B동 (필동2가 84-12외)",중구,A,8분,0.000297297,1순위,7점,11
2022,하,재공급,,동일케슬,"서울특별시 중랑구 동일로148길 43 동일케슬 (묵동 128-60,61,68,69)",중랑구,C,6분,0.000419048,1순위,3점,44
2022,하,신규공급,33A,해마루빌리지,"서울특별시 중랑구 봉화산로2길 51, 해마루빌리지 (중화동 461)",중랑구,C,7분,0.000419048,1순위,8점,44
2023,상,재공급,-,백년빌,"서울특별시 강남구 개포로24길 13, 백년빌 (개포동 1216-7)",강남구,A,13분,0.000184211,1순위,3점,28
2023,상,재공급,28B,백년빌,"서울특별시 강남구 봉은사로13길 26, 백년빌 (논현동 189-5)",강남구,A,5분,0.000184211,1순위,2점,28
2023,상,재공급,35A,백년빌,"서울특별시 강남구 봉은사로13길 26, 백년빌 (논현동 189-5)",강남구,A,5분,0.000184211,1순위,8점,28
2023,상,재공급,27B,신우휴먼빌암사2차,"서울특별시 강동구 암사길 83-13, 신우휴먼빌암사2차 (암사동 433-85,88)",강동구,C,7분,0.001442597,2순위,7점,144
2023,상,재공급,45A,신우휴먼빌암사2차,"서울특별시 강동구 암사길 83-13, 신우휴먼빌암사2차 (암사동 433-85,88)",강동구,C,7분,0.001442597,1순위,7점,144
2023,상,재공급,38A,와이디하우스,"서울특별시 강동구 구천면로35길 27, 와이디하우스 (천호동 391-21,26)",강동구,C,10분,0.001442597,-,-,144
2023,상,재공급,26B,은슬림7,"서울특별시 강동구 진황도로23길 20-1, 은슬림7 (천호동 541-2,3)",강동구,C,6분,0.001442597,1순위,6점,144
2023,상,재공급,29A,신양그린,"서울특별시 강동구 고덕로 46, 신양그린 (암사동 462-22외)",강동구,C,7분,0.001442597,1순위,5점,144
2023,상,재공급,29B,더클래스천호1,"서울특별시 강동구 천중로29길 27, 더클래스천호1 (천호동 84-22외)",강동구,C,8분,0.001442597,2순위,7점,144
2023,상,재공급,37A,WISH희망,"서울특별시 강동구 천호옛8길 3, 위시희망 (성내동 127-13)",강동구,C,6분,0.001442597,1순위,4점,144
2023,상,신규공급,32B,명칭없음,"서울특별시 강동구 구천면로53길 36-19 (암사동 478-6, 7)",강동구,C,9분,0.001442597,1순위,6점,144
2023,상,신규공급,44A,명칭없음,"서울특별시 강동구 구천면로53길 36-19 (암사동 478-6, 7)",강동구,C,9분,0.001442597,1순위,7점,144
2023,상,신규공급,51A,명칭없음,"서울특별시 강동구 구천면로53길 36-19 (암사동 478-6, 7)",강동구,C,9분,0.001442597,1순위,7점,144
2023,상,신규공급,29A,Hwells PARK 천호2,"서울특별시 강동구 진황도로27길 30, Hwells PARK 천호2 (천호동 167-128)",강동구,C,6분,0.001442597,1순위,5점,144
2023,상,재공급,-,홍원하이빌강북6,"서울특별시 강북구 인수봉로82길 26, 홍원하이빌강북6 (수유동 291-59)",강북구,C,6분,0.000848101,1순위,3점,67
2023,상,재공급,21B,홍원하이빌강북7,"서울특별시 강북구 삼양로119길 22, 홍원하이빌강북7 (수유동 313-6)",강북구,C,5분,0.000848101,1순위,3점,67
2023,상,재공급,-,현대그린빌,"서울특별시 강서구 공항대로75길 47, 현대그린빌 (염창동 263-11)",강서구,B,3분,8.45E-05,1순위,5점,15
2023,상,재공급,17B,STAY온-1,"서울특별시 관악구 남부순환로157길 3, STAY온-1 (신림동 507-20외)",관악구,B,10분,0.000338462,2순위,7점,66
2023,상,재공급,26B,STAY온-2,"서울특별시 관악구 남부순환로 1519, STAY온-2 (신림동 507-22)",관악구,B,10분,0.000338462,2순위,7점,66
2023,상,재공급,44C,하임,"서울특별시 관악구 난곡로30길 23, 하임 (신림동 624-34)",관악구,B,22분,0.000338462,1순위,0점,66
2023,상,신규공급,26A,한별#6,"서울특별시 관악구 남부순환로 1524, 한별#6 (신림동 1571-12)",관악구,B,11분,0.000338462,1순위,5점,66
2023,상,신규공급,29A,T&K신림1,"서울특별시 관악구 조원중앙로 59-3, T&K신림1 (신림동 1649-11, 12)",관악구,B,8분,0.000338462,1순위,6점,66
2023,상,신규공급,45C,T&K신림1,"서울특별시 관악구 조원중앙로 59-3, T&K신림1 (신림동 1649-11, 12)",관악구,B,8분,0.000338462,1순위,8점,66
2023,상,신규공급,28B,경호빌,"서울특별시 관악구 조원로16가길 41, 경호빌 (신림동 537-14)",관악구,B,7분,0.000338462,2순위,7점,66
2023,상,신규공급,43A,경호빌,"서울특별시 관악구 조원로16가길 41, 경호빌 (신림동 537-14)",관악구,B,7분,0.000338462,1순위,7점,66
2023,상,재공급,-,구의에스하임1,"서울특별시 광진구 광나루로30나길 15, 구의에스하임1 (구의동 638-5,6)",광진구,B,10분,0.000429825,1순위,10점,49
2023,상,재공급,-,자양에스하임4,"서울특별시 광진구 뚝섬로49길 60, 자양에스하임4 (자양동 622-8,9,10,11)",광진구,B,8분,0.000429825,1순위,8점,49
2023,상,재공급,32B,지오빌,"서울특별시 광진구 자양번영로3나길 31, 지오빌 (자양동 589-5,6)",광진구,B,8분,0.000429825,1순위,7점,49
2023,상,재공급,27B,더리치,"서울특별시 광진구 긴고랑로1길 35, 더리치 (중곡동 235-22,23)",광진구,B,8분,0.000429825,1순위,10점,49
2023,상,재공급,23B,하늘사랑채3차,"서울특별시 구로구 고척로33나길 4, 하늘사랑채3차 (고척동 253-40,56)",구로구,C,21분,0.00106087,2순위,3점,122
2023,상,재공급,29B,석윤주택,"서울특별시 구로구 고척로21가길 2-9, 석윤주택 (개봉동 33-125)",구로구,C,12분,0.00106087,2순위,6점,122
2023,상,재공급,26B,도담마을,"서울특별시 구로구 가마산로20라길 13, 도담마을 (구로동 429-163)",구로구,C,8분,0.00106087,2순위,4점,122
2023,상,신규공급,28B,오류동 청년주택,"서울특별시 구로구 경인로27길 13, 오류동 청년주택 (오류동 31-121)",구로구,C,4분,0.00106087,2순위,8점,122
2023,상,신규공급,19B,하늘사랑채7차,"서울특별시 구로구 안양천로537가길 18-8, 하늘사랑채7차 (고척동 62-85)",구로구,C,8분,0.00106087,2순위,5점,122
2023,상,신규공급,30A,하늘사랑채7차,"서울특별시 구로구 안양천로537가길 18-8, 하늘사랑채7차 (고척동 62-85)",구로구,C,8분,0.00106087,1순위,4점,122
2023,상,신규공급,26B,청정마을,"서울특별시 구로구 가마산로20나길 23, 청정마을 (구로동 429-254)",구로구,C,9분,0.00106087,1순위,0점,122
2023,상,신규공급,36A,청정마을,"서울특별시 구로구 가마산로20나길 23, 청정마을 (구로동 429-254)",구로구,C,9분,0.00106087,1순위,2점,122
2023,상,재공급,28B,아이빌10차,"서울특별시 금천구 금하로23나길 29, 아이빌10차 (시흥동 826-38)",금천구,C,30분,0.001,2순위,5점,78
2023,상,재공급,-,청춘가옥,"서울특별시 금천구 독산로50길 130-9, 청춘가옥 (시흥동 3-123)",금천구,C,33분,0.001,2순위,6점,78
2023,상,재공급,24B,예인빌,서울특별시 금천구 독산로64나길 12 예인빌 (독산동 1040-43외),금천구,C,24분,0.001,2순위,2점,78
2023,상,재공급,27B,예인빌,서울특별시 금천구 독산로64나길 12 예인빌 (독산동 1040-43외),금천구,C,24분,0.001,2순위,4점,78
2023,상,재공급,26B,신영,"서울특별시 금천구 범안로11길 60, 신영오피스텔 (독산동 333-14)",금천구,C,5분,0.001,2순위,7점,78
2023,상,재공급,-,쥬빌리2차,"서울특별시 금천구 범안로12길 50, 쥬빌리2차 (독산동 1005-3, 제1동)",금천구,C,4분,0.001,1순위,2점,78
2023,상,재공급,-,휴먼에코빌4차 B동,"서울특별시 금천구 독산로96길 27-6, 휴먼에코빌4차 B동 (독산동 234-22)",금천구,C,22분,0.001,2순위,5점,78
2023,상,재공급,-,휴먼에코빌4차 A동,"서울특별시 금천구 독산로96길 27-6, 휴먼에코빌4차 A동 (독산동 234-22)",금천구,C,22분,0.001,1순위,4점,78
2023,상,신규공급,28A,한별#3,"서울특별시 금천구 두산로10길 9, 한별#3 (독산동 330-13)",금천구,C,7분,0.001,1순위,5점,78
2023,상,신규공급,28B,스타힐스,"서울특별시 금천구 독산로23길 19, 스타힐스 (시흥동 840-34, 89)",금천구,C,20분,0.001,2순위,8점,78
2023,상,신규공급,30A,스타힐스,"서울특별시 금천구 독산로23길 19, 스타힐스 (시흥동 840-34, 89)",금천구,C,20분,0.001,2순위,8점,78
2023,상,신규공급,19B,은슬림 10,"서울특별시 금천구 탑골로7길 11, 은슬림 10 (시흥동 220-116)",금천구,C,33분,0.001,3순위,5점,78
2023,상,재공급,47C,삼화에코빌2차 A동,"서울특별시 동대문구 답십리로65길 114, 삼화에코빌2차 A동 (장안동 287-7,9)",동대문구,B,29분,0.000284404,1순위,8점,31
2023,상,재공급,47C,삼화에코빌2차 B동,"서울특별시 동대문구 답십리로65길 114, 삼화에코빌2차 B동 (장안동 287-7,9)",동대문구,B,29분,0.000284404,1순위,10점,31
2023,상,재공급,33A,더존에이스빌 가동,"서울특별시 동대문구 천호대로89길 51, 더존에이스빌 가동 (장안동445-3)",동대문구,B,7분,0.000284404,1순위,7점,31
2023,상,재공급,56C,더존에이스빌 나동,"서울특별시 동대문구 천호대로89길 51, 더존에이스빌 나동 (장안동445-3)",동대문구,B,7분,0.000284404,1순위,7점,31
2023,상,재공급,26B,성지파크빌,"서울특별시 동작구 남부순환로255길 16, 성지파크빌 (사당동 303-42)",동작구,B,8분,0.000106557,1순위,7점,13
2023,상,재공급,27B,연남하이츠,"서울특별시 마포구 성미산로19길 78, 연남하이츠 (연남동 478-4)",마포구,A,6분,0.000226115,1순위,8점,28
2023,상,재공급,-,현인그린빌,"서울특별시 서대문구 홍은중앙로8길 9, 현인그린빌 (홍은동 9-108,109)",서대문구,B,21분,0.000381443,2순위,7점,37
2023,상,재공급,-,더스페이스빌,"서울특별시 서대문구 증가로8길 68-24, 더스페이스빌 (홍은동 411-5)",서대문구,B,30분,0.000381443,1순위,5점,37
2023,상,재공급,-,다움파크빌,"서울특별시 서대문구 증가로24가길 11, 다움파크빌 (북가좌동 2-74)",서대문구,B,9분,0.000381443,2순위,8점,37
2023,상,재공급,36A,YJ빌라,"서울특별시 서대문구 응암로 142-18, YJ빌라 (북가좌동 455-2)",서대문구,B,7분,0.000381443,1순위,7점,37
2023,상,재공급,33A,해담빌,"서울특별시 서대문구 홍제내2바길 7, 해담빌 (홍제동 360-40)",서대문구,B,9분,0.000381443,1순위,8점,37
2023,상,재공급,-,백년빌,"서울특별시 서초구 논현로5길 24-10, 백년빌 (양재동 395-10)",서초구,A,12분,0.000342105,2순위,7점,39
2023,상,재공급,-,백년빌,"서울특별시 서초구 논현로5길 15-20, 백년빌 (양재동 400-6)",서초구,A,19분,0.000342105,2순위,6점,39
2023,상,재공급,28B,서초파크타운 B동,"서울특별시 서초구 반포대로5길 62, 서초파크타운 B동 (서초동 1478-16)",서초구,A,11분,0.000342105,1순위,7점,39
2023,상,신규공급,26B,T&K반포,"서울특별시 서초구 주흥9길 8-13, T&K반포 (반포동 716-5)",서초구,A,5분,0.000342105,1순위,7점,39
2023,상,신규공급,32A,T&K반포,"서울특별시 서초구 주흥9길 8-13, T&K반포 (반포동 716-5)",서초구,A,5분,0.000342105,1순위,8점,39
2023,상,재공급,-,광진홈,"서울특별시 성북구 솔샘로6가길 42, 광진홈 (정릉동 316-13)",성북구,A,3분,0.000327273,1순위,2점,45
2023,상,재공급,25B,인화빌5,"서울특별시 성북구 장월로28길 49, 인화빌5 (장위동 77-58외)",성북구,A,10분,0.000327273,1순위,5점,45
2023,상,재공급,49A,티엘하우스,"서울특별시 송파구 중대로14길 6, 티엘하우스 (가락동 129-11)",송파구,B,1분,0.000595855,1순위,5점,115
2023,상,재공급,25B,네스트137,"서울특별시 송파구 백제고분로48길 41-15, 네스트137 (방이동 137-10)",송파구,B,6분,0.000595855,1순위,4점,115
2023,상,재공급,44C,꿈꾸지오,"서울특별시 송파구 송파대로47길 6, 꿈꾸지오 (석촌동 182-4)",송파구,B,5분,0.000595855,1순위,10점,115
2023,상,재공급,36A,송파누리빌,"서울특별시 송파구 백제고분로46길 41-7, 송파누리빌 (송파동 145-5)",송파구,B,7분,0.000595855,1순위,9점,115
2023,상,재공급,24B,비전하우스,"서울특별시 양천구 곰달래로1길 36-1, 비전하우스 (신월동 135-16)",양천구,B,24분,0.000353982,2순위,5점,40
2023,상,재공급,34A,에코리움빌,"서울특별시 양천구 남부순환로60길 12-10, 에코리움빌 (신월동 197-11외)",양천구,B,29분,0.000353982,1순위,8점,40
2023,상,재공급,19B,에코하임5차,"서울특별시 양천구 목동중앙본로22길 52, 에코하임5차 (목동 231-77)",양천구,B,9분,0.000353982,2순위,7점,40
2023,상,재공급,20B,케이엠케슬타운,"서울특별시 영등포구 선유서로26길 28, 케이앰캐슬타운 (양평동1가 208-1)",영등포구,B,4분,0.000664,2순위,6점,83
2023,상,재공급,30A,케이엠케슬타운,"서울특별시 영등포구 선유서로26길 28, 케이앰캐슬타운 (양평동1가 208-1)",영등포구,B,4분,0.000664,1순위,8점,83
2023,상,재공급,-,양평에스하임2 가동,"서울특별시 영등포구 양평로28마길 24, 양평에스하임2 가동 (양평동6가 65)",영등포구,B,8분,0.000664,1순위,8점,83
2023,상,재공급,35A,경동파크빌,"서울특별시 영등포구 대림로35나길 14, 경동파크빌 (대림동 737-2)",영등포구,B,7분,0.000664,2순위,8점,83
2023,상,재공급,36B,경동파크빌,"서울특별시 영등포구 대림로35나길 14, 경동파크빌 (대림동 737-2)",영등포구,B,7분,0.000664,2순위,7점,83
2023,상,재공급,20B,로프트시티,"서울특별시 영등포구 영등포로 244, 로프트시티 (영등포동3가 3-3외)",영등포구,B,5분,0.000664,2순위,7점,83
2023,상,신규공급,27A,Oaktreevil DR2,"서울특별시 영등포구 대림로35길 8-1, Oaktreevil DR2 (대림동 775-11)",영등포구,B,9분,0.000664,1순위,4점,83
2023,상,신규공급,47C,Oaktreevil DR2,"서울특별시 영등포구 대림로35길 8-1, Oaktreevil DR2 (대림동 775-11)",영등포구,B,9분,0.000664,1순위,10점,83
2023,상,신규공급,29B,민하우스2,"서울특별시 영등포구 가마산로46가길 5, 민하우스2 (대림동 680-3)",영등포구,B,11분,0.000664,2순위,7점,83
2023,상,신규공급,41A,민하우스2,"서울특별시 영등포구 가마산로46가길 5, 민하우스2 (대림동 680-3)",영등포구,B,11분,0.000664,1순위,3점,83
2023,상,신규공급,19B,리츠하우스2,"서울특별시 은평구 갈현로11가길 14-4, 리츠하우스2 (구산동 177-53)",은평구,C,13분,0.000286822,2순위,8점,37
2023,상,신규공급,28B,리츠하우스2,"서울특별시 은평구 갈현로11가길 14-4, 리츠하우스2 (구산동 177-53)",은평구,C,13분,0.000286822,1순위,5점,37
2023,상,재공급,41C,다원빌,"서울특별시 종로구 지봉로12길 11, 다원빌 (숭인동 56-37)",종로구,A,3분,0.000146341,1순위,10점,6
2023,상,재공급,19B,서영스윗홈,"서울특별시 중랑구 상봉로20길 91, 서영스윗홈 (망우동 460-4)",중랑구,C,10분,0.000419048,1순위,7점,44
2023,하,신규공급,28B,펠리체65,"서울특별시 강동구 진황도로27가길 29 (펠리체65, 천호동 191-13)",강동구,C,6분,0.001442597,1순위,4점,144
2023,하,신규공급,27B,스테이온,"서울특별시 강동구 천중로 157 (스테이온, 천호동 55-43)",강동구,C,6분,0.001442597,2순위,7점,144
2023,하,신규공급,32B,스테이온,"서울특별시 강동구 천중로 157 (스테이온, 천호동 55-43)",강동구,C,6분,0.001442597,2순위,8점,144
2023,하,신규공급,39A,라티빌V,"서울특별시 강동구 구천면로47길 30-5 (라티빌V, 암사동 486-61, 62)",강동구,C,9분,0.001442597,1순위,4점,144
2023,하,신규공급,32B,라티빌V,"서울특별시 강동구 구천면로47길 30-5 (라티빌V, 암사동 486-61, 62)",강동구,C,9분,0.001442597,1순위,2점,144
2023,하,신규공급,28B,라티빌V,"서울특별시 강동구 구천면로47길 30-5 (라티빌V, 암사동 486-61, 62)",강동구,C,9분,0.001442597,2순위,8점,144
2023,하,신규공급,49A,라티빌V,"서울특별시 강동구 구천면로47길 30-5 (라티빌V, 암사동 486-61, 62)",강동구,C,9분,0.001442597,1순위,7점,144
2023,하,신규공급,38A,북한산파크빌,"서울특별시 강북구 삼양로169길 24-36 (북한산파크빌, 우이동 163-8, 9)",강북구,C,2분,0.000848101,2순위,8점,67
2023,하,신규공급,41A,북한산파크빌,"서울특별시 강북구 삼양로169길 24-36 (북한산파크빌, 우이동 163-8, 9)",강북구,C,2분,0.000848101,1순위,4점,67
2023,하,신규공급,54C,북한산파크빌,"서울특별시 강북구 삼양로169길 24-36 (북한산파크빌, 우이동 163-8, 9)",강북구,C,2분,0.000848101,1순위,8점,67
2023,하,신규공급,29B,북한산파크빌,"서울특별시 강북구 삼양로169길 24-36 (북한산파크빌, 우이동 163-8, 9)",강북구,C,2분,0.000848101,1순위,7점,67
2023,하,신규공급,31B,미아 에스하임,"서울특별시 강북구 도봉로61길 5 (미아 에스하임, 미아동 1373)",강북구,C,3분,0.000848101,2순위,7점,67
2023,하,신규공급,36B,미아 에스하임,"서울특별시 강북구 도봉로61길 5 (미아 에스하임, 미아동 1373)",강북구,C,3분,0.000848101,1순위,0점,67
2023,하,신규공급,37A,미아 에스하임,"서울특별시 강북구 도봉로61길 5 (미아 에스하임, 미아동 1373)",강북구,C,3분,0.000848101,1순위,5점,67
2023,하,신규공급,32B,미아 에스하임,"서울특별시 강북구 도봉로61길 5 (미아 에스하임, 미아동 1373)",강북구,C,3분,0.000848101,1순위,2점,67
2023,하,신규공급,41A,미아 에스하임,"서울특별시 강북구 도봉로61길 5 (미아 에스하임, 미아동 1373)",강북구,C,3분,0.000848101,1순위,6점,67
2023,하,신규공급,29A,SH 초행지붕-화곡,"서울특별시 강서구 초록마을로14길 19 (SH 초행지붕 - 화곡, 화곡동 56-15)",강서구,B,11분,8.45E-05,1순위,7점,15
2023,하,신규공급,26A,SH 초행지붕-화곡,"서울특별시 강서구 초록마을로14길 19 (SH 초행지붕 - 화곡, 화곡동 56-15)",강서구,B,11분,8.45E-05,1순위,5점,15
2023,하,신규공급,21B,SH 초행지붕-화곡,"서울특별시 강서구 초록마을로14길 19 (SH 초행지붕 - 화곡, 화곡동 56-15)",강서구,B,11분,8.45E-05,1순위,4점,15
2023,하,신규공급,23A,SH 초행지붕-화곡,"서울특별시 강서구 초록마을로14길 19 (SH 초행지붕 - 화곡, 화곡동 56-15)",강서구,B,11분,8.45E-05,1순위,7점,15
2023,하,신규공급,27B,이도파크빌,"서울특별시 관악구 남부순환로159길 35 (이도파크빌, 신림동 489-17)",관악구,B,8분,0.000338462,2순위,7점,66
2023,하,신규공급,35B,이도파크빌,"서울특별시 관악구 남부순환로159길 35 (이도파크빌, 신림동 489-17)",관악구,B,8분,0.000338462,1순위,2점,66
2023,하,신규공급,45C,이도파크빌,"서울특별시 관악구 남부순환로159길 35 (이도파크빌, 신림동 489-17)",관악구,B,8분,0.000338462,1순위,7점,66
2023,하,신규공급,27B,T&K신림III,"서울특별시 관악구 남부순환로151길 34 (T&K신림III, 신림동 510-20)",관악구,B,7분,0.000338462,1순위,2점,66
2023,하,신규공급,38A,T&K신림III,"서울특별시 관악구 남부순환로151길 34 (T&K신림III, 신림동 510-20)",관악구,B,7분,0.000338462,1순위,7점,66
2023,하,신규공급,29B,T&K신림III,"서울특별시 관악구 남부순환로151길 34 (T&K신림III, 신림동 510-20)",관악구,B,7분,0.000338462,1순위,2점,66
2023,하,신규공급,52C,T&K신림III,"서울특별시 관악구 남부순환로151길 34 (T&K신림III, 신림동 510-20)",관악구,B,7분,0.000338462,1순위,10점,66
2023,하,신규공급,26B,남현주택,"서울특별시 관악구 승방1길 76 (남현주택, 남현동 602-144)",관악구,B,7분,0.000338462,1순위,4점,66
2023,하,신규공급,30B,남현주택,"서울특별시 관악구 승방1길 76 (남현주택, 남현동 602-144)",관악구,B,7분,0.000338462,1순위,5점,66
2023,하,신규공급,34B,남현주택,"서울특별시 관악구 승방1길 76 (남현주택, 남현동 602-144)",관악구,B,7분,0.000338462,1순위,7점,66
2023,하,신규공급,28B,명칭없음,"서울특별시 광진구 천호대로135길 16 (명칭없음, 구의동 57-17)",광진구,B,4분,0.000429825,1순위,4점,49
2023,하,신규공급,35A,명칭없음,"서울특별시 광진구 천호대로135길 16 (명칭없음, 구의동 57-17)",광진구,B,4분,0.000429825,1순위,7점,49
2023,하,신규공급,41A,명칭없음,"서울특별시 광진구 천호대로135길 16 (명칭없음, 구의동 57-17)",광진구,B,4분,0.000429825,1순위,6점,49
2023,하,신규공급,45A,명칭없음,"서울특별시 광진구 천호대로135길 16 (명칭없음, 구의동 57-17)",광진구,B,4분,0.000429825,1순위,7점,49
2023,하,신규공급,26B,더 엘,"서울특별시 광진구 광나루로30가길 16-6 (더 엘, 구의동 638-3, 4)",광진구,B,11분,0.000429825,1순위,5점,49
2023,하,신규공급,40A,더 엘,"서울특별시 광진구 광나루로30가길 16-6 (더 엘, 구의동 638-3, 4)",광진구,B,11분,0.000429825,1순위,7점,49
2023,하,신규공급,31A,라온에코빌,"서울특별시 구로구 가마산로20길 56 (라온에코빌, 구로동 329-48, 83)",구로구,C,7분,0.00106087,2순위,6점,122
2023,하,신규공급,37C,라온에코빌,"서울특별시 구로구 가마산로20길 56 (라온에코빌, 구로동 329-48, 83)",구로구,C,7분,0.00106087,1순위,5점,122
2023,하,신규공급,32A,라온에코빌,"서울특별시 구로구 가마산로20길 56 (라온에코빌, 구로동 329-48, 83)",구로구,C,7분,0.00106087,2순위,9점,122
2023,하,신규공급,45C,라온에코빌,"서울특별시 구로구 가마산로20길 56 (라온에코빌, 구로동 329-48, 83)",구로구,C,7분,0.00106087,1순위,7점,122
2023,하,신규공급,32B,삼화에코빌,"서울특별시 구로구 개봉로17나길 106 (삼화에코빌, 개봉동 307-13)",구로구,C,6분,0.00106087,2순위,10점,122
2023,하,신규공급,28B,삼화에코빌,"서울특별시 구로구 개봉로17나길 106 (삼화에코빌, 개봉동 307-13)",구로구,C,6분,0.00106087,2순위,7점,122
2023,하,신규공급,41A,삼화에코빌,"서울특별시 구로구 개봉로17나길 106 (삼화에코빌, 개봉동 307-13)",구로구,C,6분,0.00106087,1순위,4점,122
2023,하,신규공급,27B,대정이오스,"서울특별시 구로구 구로중앙로28길 35-9 (대정이오스, 구로동 113-5)",구로구,C,8분,0.00106087,1순위,0점,122
2023,하,신규공급,32A,대정이오스,"서울특별시 구로구 구로중앙로28길 35-9 (대정이오스, 구로동 113-5)",구로구,C,8분,0.00106087,2순위,8점,122
2023,하,신규공급,43D,대정이오스,"서울특별시 구로구 구로중앙로28길 35-9 (대정이오스, 구로동 113-5)",구로구,C,8분,0.00106087,1순위,7점,122
2023,하,신규공급,36A,대정이오스,"서울특별시 구로구 구로중앙로28길 35-9 (대정이오스, 구로동 113-5)",구로구,C,8분,0.00106087,1순위,7점,122
2023,하,신규공급,42A,오크트리빌 구로 2차,"서울특별시 구로구 구로중앙로28길 53-28 (오크트리빌 구로 2차, 구로동 111-50, 51)",구로구,C,7분,0.00106087,1순위,5점,122
2023,하,신규공급,32A,오크트리빌 구로 2차,"서울특별시 구로구 구로중앙로28길 53-28 (오크트리빌 구로 2차, 구로동 111-50, 51)",구로구,C,7분,0.00106087,2순위,7점,122
2023,하,신규공급,31A,오크트리빌 구로 2차,"서울특별시 구로구 구로중앙로28길 53-28 (오크트리빌 구로 2차, 구로동 111-50, 51)",구로구,C,7분,0.00106087,1순위,3점,122
2023,하,신규공급,36A,오크트리빌 구로 2차,"서울특별시 구로구 구로중앙로28길 53-28 (오크트리빌 구로 2차, 구로동 111-50, 51)",구로구,C,7분,0.00106087,1순위,6점,122
2023,하,신규공급,22B,명칭없음,"서울특별시 도봉구 시루봉로12길 10-15 (명칭없음, 방학동 313-7)",도봉구,B,24분,0.000166667,2순위,5점,13
2023,하,신규공급,37A,대원파크빌,"서울특별시 마포구 월드컵북로9길 17-6 (대원파크빌, 성산동 633-7)",마포구,A,8분,0.000226115,1순위,8점,28
2023,하,신규공급,28B,대원파크빌,"서울특별시 마포구 월드컵북로9길 17-6 (대원파크빌, 성산동 633-7)",마포구,A,8분,0.000226115,1순위,7점,28
2023,하,신규공급,34B,대원파크빌,"서울특별시 마포구 월드컵북로9길 17-6 (대원파크빌, 성산동 633-7)",마포구,A,8분,0.000226115,1순위,5점,28
2023,하,신규공급,27B,미래하이츠,"서울특별시 마포구 방울내로9안길 68-9 (미래하이츠, 망원동 465-23)",마포구,A,6분,0.000226115,1순위,4점,28
2023,하,신규공급,31B,미래하이츠,"서울특별시 마포구 방울내로9안길 68-9 (미래하이츠, 망원동 465-23)",마포구,A,6분,0.000226115,1순위,5점,28
2023,하,신규공급,35B,미래하이츠,"서울특별시 마포구 방울내로9안길 68-9 (미래하이츠, 망원동 465-23)",마포구,A,6분,0.000226115,1순위,5점,28
2023,하,신규공급,50A,미래하이츠,"서울특별시 성북구 회기로3길 8 (미래하이츠, 종암동28-27)",성북구,A,2분,0.000327273,1순위,8점,45
2023,하,신규공급,44A,미래하이츠,"서울특별시 성북구 회기로3길 8 (미래하이츠, 종암동28-27)",성북구,A,2분,0.000327273,1순위,7점,45
2023,하,신규공급,31A,미래하이츠,"서울특별시 성북구 회기로3길 8 (미래하이츠, 종암동28-27)",성북구,A,2분,0.000327273,1순위,7점,45
2023,하,신규공급,38A,미래하이츠,"서울특별시 성북구 회기로3길 8 (미래하이츠, 종암동28-27)",성북구,A,2분,0.000327273,1순위,7점,45
2023,하,신규공급,59A,미래하이츠,"서울특별시 성북구 회기로3길 8 (미래하이츠, 종암동28-27)",성북구,A,2분,0.000327273,1순위,11점,45
2023,하,신규공급,32B,미래하이츠,"서울특별시 성북구 회기로3길 8 (미래하이츠, 종암동28-27)",성북구,A,2분,0.000327273,2순위,8점,45
2023,하,신규공급,26B,미래하이츠,"서울특별시 성북구 회기로3길 8 (미래하이츠, 종암동28-27)",성북구,A,2분,0.000327273,1순위,5점,45
2023,하,신규공급,40A,서영스윗홈,"서울특별시 송파구 오금로27길 50-11 (서영스윗홈, 방이동 211-10)",송파구,B,6분,0.000595855,1순위,7점,115
2023,하,신규공급,28B,서영스윗홈,"서울특별시 송파구 오금로27길 50-11 (서영스윗홈, 방이동 211-10)",송파구,B,6분,0.000595855,1순위,7점,115
2023,하,신규공급,27B,WISH,"서울특별시 송파구 동남로2길 21-17 (WISH, 문정동 48-9)",송파구,B,3분,0.000595855,1순위,5점,115
2023,하,신규공급,40A,WISH,"서울특별시 송파구 동남로2길 21-17 (WISH, 문정동 48-9)",송파구,B,3분,0.000595855,1순위,8점,115
2023,하,신규공급,29B,WISH,"서울특별시 송파구 동남로2길 21-17 (WISH, 문정동 48-9)",송파구,B,3분,0.000595855,1순위,7점,115
2023,하,신규공급,25B,더클래스 오금3,"서울특별시 송파구 마천로23길 4 (더클래스 오금3, 오금동 119-29)",송파구,B,10분,0.000595855,2순위,5점,115
2023,하,신규공급,37A,더클래스 오금3,"서울특별시 송파구 마천로23길 4 (더클래스 오금3, 오금동 119-29)",송파구,B,10분,0.000595855,1순위,3점,115
2023,하,신규공급,40A,더클래스 오금3,"서울특별시 송파구 마천로23길 4 (더클래스 오금3, 오금동 119-29)",송파구,B,10분,0.000595855,1순위,7점,115
2023,하,신규공급,28B,더클래스 오금3,"서울특별시 송파구 마천로23길 4 (더클래스 오금3, 오금동 119-29)",송파구,B,10분,0.000595855,2순위,7점,115
2023,하,신규공급,26B,도담마을,"서울특별시 송파구 토성로17길 9-1 (도담마을, 풍납동 408-10)",송파구,B,3분,0.000595855,1순위,0점,115
2023,하,신규공급,28B,도담마을,"서울특별시 송파구 토성로17길 9-1 (도담마을, 풍납동 408-10)",송파구,B,3분,0.000595855,1순위,5점,115
2023,하,신규공급,32B,도담마을,"서울특별시 송파구 토성로17길 9-1 (도담마을, 풍납동 408-10)",송파구,B,3분,0.000595855,1순위,6점,115
2023,하,신규공급,29B,삼정리버뷰,"서울특별시 영등포구 경인로71길 74 (삼정리버뷰, 문래동5가 20-21)",영등포구,B,3분,0.000664,1순위,3점,83
2023,하,신규공급,36B,삼정리버뷰,"서울특별시 영등포구 경인로71길 74 (삼정리버뷰, 문래동5가 20-21)",영등포구,B,3분,0.000664,1순위,5점,83
2023,하,신규공급,37A,현도빌리지Ⅶ,"서울특별시 영등포구 대림로31가길 5 (현도빌리지Ⅶ, 대림동 729-7)",영등포구,B,4분,0.000664,1순위,2점,83
2023,하,신규공급,48A,현도빌리지Ⅶ,"서울특별시 영등포구 대림로31가길 5 (현도빌리지Ⅶ, 대림동 729-7)",영등포구,B,4분,0.000664,1순위,7점,83
2023,하,신규공급,33A,현도빌리지VIII,"서울특별시 영등포구 대림로34길 17 (현도빌리지VIII, 대림동 685-24)",영등포구,B,10분,0.000664,2순위,7점,83
2023,하,신규공급,36A,현도빌리지VIII,"서울특별시 영등포구 대림로34길 17 (현도빌리지VIII, 대림동 685-24)",영등포구,B,10분,0.000664,2순위,8점,83
2023,하,신규공급,27B,현도빌리지VIII,"서울특별시 영등포구 대림로34길 17 (현도빌리지VIII, 대림동 685-24)",영등포구,B,10분,0.000664,2순위,6점,83
2023,하,신규공급,34B,현도빌리지VIII,"서울특별시 영등포구 대림로34길 17 (현도빌리지VIII, 대림동 685-24)",영등포구,B,10분,0.000664,2순위,7점,83
2023,하,신규공급,35A,미래하이츠,"서울특별시 영등포구 디지털로38길 4-7 (미래하이츠, 대림동 1081-82)",영등포구,B,5분,0.000664,1순위,3점,83
2023,하,신규공급,31A,미래하이츠,"서울특별시 영등포구 디지털로38길 4-7 (미래하이츠, 대림동 1081-82)",영등포구,B,5분,0.000664,2순위,7점,83
2023,하,신규공급,42A,미래하이츠,"서울특별시 영등포구 디지털로38길 4-7 (미래하이츠, 대림동 1081-82)",영등포구,B,5분,0.000664,1순위,2점,83
2023,하,신규공급,32A,대림하이츠,"서울특별시 영등포구 디지털로38길 8-12 (대림하이츠, 대림동1081-84)",영등포구,B,5분,0.000664,2순위,7점,83
2023,하,신규공급,35A,대림하이츠,"서울특별시 영등포구 디지털로38길 8-12 (대림하이츠, 대림동1081-84)",영등포구,B,5분,0.000664,1순위,2점,83
2023,하,신규공급,45A,대림하이츠,"서울특별시 영등포구 디지털로38길 8-12 (대림하이츠, 대림동1081-84)",영등포구,B,5분,0.000664,1순위,5점,83
2023,하,신규공급,31B,초행지붕 구산A동,"서울특별시 은평구 갈현로11가길 3 (초행지붕 구산A동, 구산동 551)",은평구,C,20분,0.000286822,2순위,7점,37
2023,하,신규공급,26B,초행지붕 구산A동,"서울특별시 은평구 갈현로11가길 3 (초행지붕 구산A동, 구산동 551)",은평구,C,20분,0.000286822,2순위,6점,37
2023,하,신규공급,29B,초행지붕 구산B동,"서울특별시 은평구 갈현로11가길 3 (초행지붕 구산B동, 구산동 550)",은평구,C,20분,0.000286822,2순위,7점,37
2023,하,신규공급,26B,초행지붕 구산B동,"서울특별시 은평구 갈현로11가길 3 (초행지붕 구산B동, 구산동 550)",은평구,C,20분,0.000286822,2순위,7점,37
2023,하,신규공급,29A,예그리나 10차,"서울특별시 은평구 진흥로3길 2 (예그리나 10차, 역촌동 41-55)",은평구,C,7분,0.000286822,1순위,7점,37
2023,하,재공급,-,명칭없음,"서울특별시 강남구 언주로136길 35 (동명칭 없음, 논현동 108-10)",강남구,A,4분,0.000184211,1순위,8점,28
2023,하,재공급,43A,대정이오스,"서울특별시 구로구 오리로13길 50 (오류동 240-7, 대정이오스)",구로구,C,9분,0.00106087,1순위,5점,122
2023,하,재공급,40C,휴먼에코빌4차 B동,서울특별시 금천구 독산로96길 27-6 휴먼에코빌4차 B동(독산동 234-22),금천구,C,22분,0.001,1순위,2점,78
2023,하,재공급,-,A단지,"서울특별시 금천구 독산로33길 34 (시흥동 849-33, A단지)",금천구,C,12분,0.001,2순위,4점,78
2023,하,재공급,-,아이빌 7차,"서울특별시 금천구 독산로20길 13, 아이빌 7차 (시흥동 833-13)",금천구,C,25분,0.001,1순위,5점,78
2023,하,재공급,-,씨앤제이빌,"서울특별시 도봉구 도당로9길 15-3 (방학동 665-29, 씨앤제이빌)",도봉구,B,21분,0.000166667,1순위,7점,13
2023,하,재공급,-,서초파크타운 A동,"서울특별시 서초구 반포대로5길 64, 서초파크타운 A동  (서초동 1478-9)",서초구,A,11분,0.000342105,1순위,7점,39
2023,하,재공급,28B,서초파크타운 B동,"서울특별시 서초구 반포대로5길 62, 서초파크타운 B동 (서초동 1478-16)",서초구,A,11분,0.000342105,1순위,4점,39
2023,하,재공급,-,양평에스하임2 가동,"서울특별시 영등포구 양평로28마길 24, 양평에스하임2 가동  (양평동6가 65)",영등포구,B,8분,0.000664,-,-,83
2023,하,재공급,27B,강동서영스윗홈5,"서울특별시 강동구 양재대로91길 84, 강동서영스윗홈5  (성내동 420-4)",강동구,C,6분,0.001442597,1순위,8점,144
2023,하,재공급,22B,강동서영스윗홈5,"서울특별시 강동구 양재대로91길 84, 강동서영스윗홈5  (성내동 420-4)",강동구,C,6분,0.001442597,2순위,7점,144
2023,하,재공급,32B,현도빌리지6,"서울특별시 강동구 아리수로64길 8 (현도빌리지6, 고덕동 627)",강동구,C,10분,0.001442597,2순위,5점,144
2023,하,재공급,43A,현도빌리지5,"서울특별시 강동구 아리수로66길 14 (현도빌리지5, 고덕동 532-1)",강동구,C,10분,0.001442597,1순위,3점,144
2023,하,재공급,-,성신하우스,"서울특별시 강북구 인수봉로38길 10, 성신하우스 (수유동 468-33)",강북구,C,5분,0.000848101,2순위,7점,67
2023,하,재공급,37A,구의에스하임1,"서울특별시 광진구 광나루로30나길 15 구의에스하임1 (구의동 638-5,6)",광진구,B,10분,0.000429825,-,-,49
2023,하,재공급,-,명칭없음,"서울특별시 구로구 개봉로17바길 39 (개봉동 318-6,23)",구로구,C,8분,0.00106087,1순위,3점,122
2023,하,재공급,22B,낙원가우디움,"서울특별시 구로구 고척로27마길 26-11, 낙원가우디움 (고척동 241-157)",구로구,C,25분,0.00106087,2순위,7점,122
2023,하,재공급,19B,하늘사랑채5차,"서울특별시 구로구 고척로27다길 39-11 (하늘사랑채5차, 고척동 241-112)",구로구,C,25분,0.00106087,2순위,5점,122
2023,하,재공급,21A,예하임,"서울특별시 구로구 오리로22나길 16-50 (예하임, 궁동 134-7)",구로구,C,23분,0.00106087,2순위,5점,122
2023,하,재공급,-,청춘가옥,"서울특별시 금천구 독산로50길 130-9, 청춘가옥 (시흥동 3-123)",금천구,C,33분,0.001,1순위,0점,78
2023,하,재공급,26B,신영오피스텔,"서울특별시 금천구 범안로11길 60 (신영오피스텔, 독산동 333-14)",금천구,C,5분,0.001,1순위,6점,78
2023,하,재공급,-,제기홈,"서울특별시 동대문구 경동시장로9가길 21 제기홈 (제기동 846-23,24)",동대문구,B,6분,0.000284404,1순위,5점,31
2023,하,재공급,32A,성지파크빌,"서울특별시 동작구 남부순환로255길 16 (성지파크빌, 사당동 303-42)",동작구,B,8분,0.000106557,1순위,10점,13
2023,하,재공급,-,와이하우스,"서울특별시 성동구 자동차시장3길 93 (와이하우스, 용답동 238-5)",성동구,A,6분,0.000159091,1순위,6점,14
2023,하,재공급,28B,티엘하우스,"서울특별시 송파구 중대로14길 6 (티엘하우스, 가락동 129-11)",송파구,B,1분,0.000595855,1순위,6점,115
2023,하,재공급,42A,다온에코하임,"서울특별시 송파구 거마로9길 24-5 (다온에코하임, 거여동 135-54외)",송파구,B,6분,0.000595855,1순위,6점,115
2023,하,재공급,26B,마천빌,"서울특별시 송파구 성내천로22길 1 (마천빌, 마천동 40-10)",송파구,B,11분,0.000595855,2순위,7점,115
2023,하,재공급,23B,네스트197,"서울특별시 송파구 오금로46길 65 (네스트197, 가락동 197-3)",송파구,B,9분,0.000595855,2순위,7점,115
2023,하,재공급,50A,금성하이츠,"서울특별시 송파구 가락로5길 13-15 (금성하이츠, 석촌동 243-1)",송파구,B,6분,0.000595855,1순위,7점,115
2023,하,재공급,28B,광채빌라,"서울특별시 송파구 삼전로2길 49 (광채빌라, 삼전동 53-19)",송파구,B,8분,0.000595855,1순위,3점,115
2023,하,재공급,22B,에코리움빌,"서울특별시 양천구 남부순환로56가길 14, 에코리움빌 (신월동 197-8)",양천구,B,28분,0.000353982,1순위,2점,40
2023,하,재공급,20B,에코리움빌,"서울특별시 양천구 남부순환로60길 12-10, 에코리움빌 (신월동 197-11외)",양천구,B,29분,0.000353982,1순위,3점,40
2023,하,재공급,19B,에코하임5차,"서울특별시 양천구 목동중앙본로22길 52 (에코하임5차, 목동 231-77)",양천구,B,9분,0.000353982,1순위,2점,40
2023,하,재공급,20B,로프트시티,"서울특별시 영등포구 영등포로 244 (로프트시티, 영등포동3가 3-3외)",영등포구,B,5분,0.000664,1순위,5점,83
2023,하,재공급,40A,남양파크빌,"서울특별시 영등포구 도림로48길 9 (남양파크빌, 대림동 700-28)",영등포구,B,6분,0.000664,1순위,5점,83
2023,하,재공급,26A,다이알로그191,"서울특별시 은평구 갈현로11길 26-11 (다이알로그191, 구산동 549)",은평구,C,20분,0.000286822,2순위,7점,37
2023,하,재공급,25B,리츠하우스2,"서울특별시 은평구 갈현로11가길 14-4 (리츠하우스2, 구산동 177-53)",은평구,C,13분,0.000286822,2순위,4점,37
2023,하,재공급,33A,남산의아침 A동,"서울특별시 중구 필동로8길 50-9 (남산의아침 A동, 필동2가 84-12외)",중구,A,8분,0.000297297,1순위,8점,11
2023,하,재공급,28A,HwellsPARK장충1,"서울특별시 중구 장충단로6길 45 (HwellsPARK장충1, 장충동1가 50-2)",중구,A,5분,0.000297297,1순위,8점,11
2024,상,재공급,-,백년빌,"서울특별시 강남구 개포로24길 13 (개포동 1216-7, 백년빌)",강남구,A,13분,0.000184211,1순위,8점,28
2024,상,재공급,-,백년빌,"서울특별시 강남구 도곡로18길 10 (도곡동 547-11, 백년빌)",강남구,A,10분,0.000184211,1순위,8점,28
2024,상,재공급,-,백년빌,"서울특별시 강남구 학동로20길 63-6 (논현동 158-26, 백년빌)",강남구,A,6분,0.000184211,1순위,3점,28
2024,상,재공급,31B,희준빌,"서울특별시 강남구 논현로121길 35 (논현동 173-5, 희준빌)",강남구,A,6분,0.000184211,1순위,9점,28
2024,상,재공급,38A,와이디하우스,"서울특별시 강동구 구천면로35길 27 (천호동 391-21,26, 와이디하우스)",강동구,C,10분,0.001442597,1순위,2점,144
2024,상,재공급,26A,은슬림7,"서울특별시 강동구 진황도로23길 20-1 (천호동 541-2,3, 은슬림7)",강동구,C,7분,0.001442597,1순위,3점,144
2024,상,재공급,26B,은슬림7,"서울특별시 강동구 진황도로23길 20-1 (천호동 541-2,3, 은슬림7)",강동구,C,7분,0.001442597,2순위,8점,144
2024,상,재공급,30A,은슬림8,"서울특별시 강동구 진황도로23길 22 (천호동 541외, 은슬림8 )",강동구,C,7분,0.001442597,1순위,6점,144
2024,상,재공급,29B,WISH희망,"서울특별시 강동구 천호대로168다길 6 (성내동 155-6, WISH희망)",강동구,C,3분,0.001442597,1순위,3점,144
2024,상,재공급,27A,Hwells PARK 천호1,"서울특별시 강동구 진황도로29길 35-3 (천호동 167-32, Hwells PARK 천호1)",강동구,C,5분,0.001442597,1순위,5점,144
2024,상,재공급,29B,현도빌리지5,"서울특별시 강동구 아리수로66길 14 (고덕동 532-1, 현도빌리지5)",강동구,C,10분,0.001442597,2순위,6점,144
2024,상,재공급,43A,현도빌리지5,"서울특별시 강동구 아리수로66길 14 (고덕동 532-1, 현도빌리지5)",강동구,C,10분,0.001442597,2순위,8점,144
2024,상,재공급,36A,허브빌,"서울특별시 강동구 올림픽로98가길 31-6 (암사동 493-15, 허브빌)",강동구,C,5분,0.001442597,1순위,8점,144
2024,상,재공급,남성/29A,해담빌,"서울특별시 강동구 구천면로40길 7 (천호동 237-27, 해담빌)",강동구,C,10분,0.001442597,2순위,8점,144
2024,상,재공급,35A,강동서영스윗홈,"서울특별시 강동구 천중로48길 9-13 (길동 349-9, 강동서영스윗홈)",강동구,C,5분,0.001442597,2순위,8점,144
2024,상,재공급,40A,WISH희망,"서울특별시 강동구 천호옛8길 3 (성내동 127-13, WISH희망)",강동구,C,6분,0.001442597,1순위,9점,144
2024,상,신규공급,28B,와이디하우스2차,"서울특별시 강동구 구천면로35길 24-9 (천호동 299-13, 14, 와이디하우스2차)",강동구,C,9분,0.001442597,2순위,8점,144
2024,상,신규공급,36A,와이디하우스2차,"서울특별시 강동구 구천면로35길 24-9 (천호동 299-13, 14, 와이디하우스2차)",강동구,C,9분,0.001442597,1순위,5점,144
2024,상,신규공급,39A,와이디하우스2차,"서울특별시 강동구 구천면로35길 24-9 (천호동 299-13, 14, 와이디하우스2차)",강동구,C,9분,0.001442597,1순위,8점,144
2024,상,신규공급,29A,플래티넘7,"서울특별시 강동구 진황도로27가길 21 (천호동 191-15, 플래티넘7)",강동구,C,5분,0.001442597,1순위,6점,144
2024,상,신규공급,23A,상일프라임,"서울특별시 강동구 상일로5길 10-5 (상일동 274-5, 상일프라임)",강동구,C,13분,0.001442597,2순위,6점,144
2024,상,신규공급,29A,상일프라임,"서울특별시 강동구 상일로5길 10-5 (상일동 274-5, 상일프라임)",강동구,C,13분,0.001442597,2순위,8점,144
2024,상,재공급,21B,홍원하이빌강북7,"서울특별시 강북구 삼양로119길 22 (수유동 313-6, 홍원하이빌강북7)",강북구,C,5분,0.000848101,1순위,2점,67
2024,상,신규공급,28B,미래하이츠,"서울특별시 강북구 수유로23길 31 (수유동 1-4, 미래하이츠)",강북구,C,4분,0.000848101,2순위,9점,67
2024,상,신규공급,38A,미래하이츠,"서울특별시 강북구 수유로23길 31 (수유동 1-4, 미래하이츠)",강북구,C,4분,0.000848101,1순위,6점,67
2024,상,신규공급,43A,미래하이츠,"서울특별시 강북구 수유로23길 31 (수유동 1-4, 미래하이츠)",강북구,C,4분,0.000848101,1순위,9점,67
2024,상,신규공급,27B,다드림12차,"서울특별시 강북구 인수봉로55길 33-22 (수유동 508-99 외 1필지, 다드림12차)",강북구,C,8분,0.000848101,2순위,7점,67
2024,상,신규공급,35B,다드림12차,"서울특별시 강북구 인수봉로55길 33-22 (수유동 508-99 외 1필지, 다드림12차)",강북구,C,8분,0.000848101,2순위,8점,67
2024,상,재공급,17B,STAY온-2,"서울특별시 관악구 남부순환로 1519 (신림동 507-22, STAY온-2)",관악구,B,10분,0.000338462,1순위,5점,66
2024,상,재공급,26B,STAY온-2,"서울특별시 관악구 남부순환로 1519 (신림동 507-22, STAY온-2)",관악구,B,10분,0.000338462,2순위,6점,66
2024,상,재공급,32A,신림파크빌,"서울특별시 관악구 남부순환로155길 30 (신림동 505-10, 신림파크빌)",관악구,B,7분,0.000338462,1순위,6점,66
2024,상,재공급,44C,하임,"서울특별시 관악구 난곡로30길 23 (신림동 624-34, 하임)",관악구,B,22분,0.000338462,1순위,8점,66
2024,상,신규공급,26B,스테이온III,"서울특별시 관악구 남부순환로 1542 (신림동 1577-33, 스테이온III)",관악구,B,9분,0.000338462,1순위,5점,66
2024,상,신규공급,27B,T&K신림 II,"서울특별시 관악구 시흥대로160길 39 (신림동 1663-21, T&K신림II)",관악구,B,7분,0.000338462,1순위,2점,66
2024,상,신규공급,39A,T&K신림 II,"서울특별시 관악구 시흥대로160길 39 (신림동 1663-21, T&K신림II)",관악구,B,7분,0.000338462,1순위,8점,66
2024,상,신규공급,44A,T&K신림 II,"서울특별시 관악구 시흥대로160길 39 (신림동 1663-21, T&K신림II)",관악구,B,7분,0.000338462,1순위,9점,66
2024,상,재공급,여성,구의에스하임1,"서울특별시 광진구 광나루로30나길 15 (구의동 638-5,6, 구의에스하임1)",광진구,B,10분,0.000429825,1순위,8점,49
2024,상,재공급,남성,자양에스하임11,"서울특별시 광진구 아차산로46가길 10-3 (자양동 218-9, 자양에스하임11)",광진구,B,6분,0.000429825,1순위,8점,49
2024,상,재공급,-,에이스빌,"서울특별시 구로구 경인로33가길 25 (개봉동 147-3외, 에이스빌)",구로구,C,8분,0.00106087,-,-,122
2024,상,재공급,49A,계림웨스트밸리,"서울특별시 구로구 경인로 70 (오류동 360, 계림웨스트밸리)",구로구,C,7분,0.00106087,1순위,6점,122
2024,상,재공급,20B,명진하이빌,"서울특별시 구로구 부일로17길 44 (궁동 190-84,85, 명진하이빌)",구로구,C,12분,0.00106087,2순위,6점,122
2024,상,재공급,24B,명진하이빌,"서울특별시 구로구 부일로17길 44 (궁동 190-84,85, 명진하이빌)",구로구,C,12분,0.00106087,2순위,7점,122
2024,상,재공급,29B,명진하이빌,"서울특별시 구로구 부일로17길 44 (궁동 190-84,85, 명진하이빌)",구로구,C,12분,0.00106087,2순위,9점,122
2024,상,재공급,28B,모던하우스,"서울특별시 구로구 개봉로15길 36-25 (개봉동 332-32,4, 모던하우스)",구로구,C,8분,0.00106087,2순위,7점,122
2024,상,재공급,20B,석윤주택,"서울특별시 구로구 고척로21가길 2-9 (개봉동 33-125, 석윤주택)",구로구,C,12분,0.00106087,2순위,8점,122
2024,상,재공급,36A,하늘사랑채,"서울특별시 구로구 고척로21가길 32-10 (개봉동 33-72, 하늘사랑채)",구로구,C,12분,0.00106087,1순위,5점,122
2024,상,재공급,19B,하늘사랑채5차 B동,"서울특별시 구로구 고척로27다길 39-7 (고척동 241-116, 하늘사랑채5차 B동)",구로구,C,25분,0.00106087,2순위,5점,122
2024,상,재공급,19B,하늘사랑채 7차,"서울특별시 구로구 안양천로537가길 18-8 (고척동 62-85, 하늘사랑채 7차)",구로구,C,8분,0.00106087,2순위,8점,122
2024,상,재공급,29B,대정이오스,"서울특별시 구로구 오리로13길 50 (오류동 240-7, 대정이오스)",구로구,C,9분,0.00106087,2순위,6점,122
2024,상,신규공급,26A,오크트리빌 구로 1차,"서울특별시 구로구 구로중앙로28다길 46 (구로동 546-17외, 오크트리빌 구로 1차)",구로구,C,7분,0.00106087,1순위,3점,122
2024,상,신규공급,28A,오크트리빌 구로 1차,"서울특별시 구로구 구로중앙로28다길 46 (구로동 546-17외, 오크트리빌 구로 1차)",구로구,C,7분,0.00106087,1순위,5점,122
2024,상,신규공급,29A,오크트리빌 구로 1차,"서울특별시 구로구 구로중앙로28다길 46 (구로동 546-17외, 오크트리빌 구로 1차)",구로구,C,7분,0.00106087,1순위,7점,122
2024,상,신규공급,29B,오크트리빌 구로 1차,"서울특별시 구로구 구로중앙로28다길 46 (구로동 546-17외, 오크트리빌 구로 1차)",구로구,C,7분,0.00106087,2순위,6점,122
2024,상,신규공급,42A,오크트리빌 구로 1차,"서울특별시 구로구 구로중앙로28다길 46 (구로동 546-17외, 오크트리빌 구로 1차)",구로구,C,7분,0.00106087,1순위,10점,122
2024,상,재공급,21B,서전하우스,"서울특별시 금천구 범안로12가길 31-10 (독산동 1006-167, 서전하우스)",금천구,C,5분,0.001,2순위,6점,78
2024,상,재공급,28B,아이빌10차,"서울특별시 금천구 금하로23나길 29 (시흥동 826-38, 아이빌10차)",금천구,C,30분,0.001,2순위,8점,78
2024,상,재공급,26A,독산리젠트빌,"서울특별시 금천구 벚꽃로12길 19 (독산동 1004-8, 독산리젠트빌)",금천구,C,3분,0.001,1순위,6점,78
2024,상,재공급,29B,아이유하임,"서울특별시 금천구 독산로 293 (독산동 1162, 아이유하임)",금천구,C,26분,0.001,2순위,6점,78
2024,상,재공급,28B,스타힐스,"서울특별시 금천구 독산로23길 19 (시흥동 840-34, 89, 스타힐스)",금천구,C,20분,0.001,2순위,8점,78
2024,상,재공급,19B,은슬림10,"서울특별시 금천구 탑골로7길 11 (시흥동 220-116, 은슬림10)",금천구,C,33분,0.001,2순위,3점,78
2024,상,재공급,-,쥬빌리2차 제1동,"서울특별시 금천구 범안로12길 50 (독산동 1005-3, 쥬빌리2차 제1동)",금천구,C,4분,0.001,1순위,0점,78
2024,상,재공급,-,쥬빌리2차 제2동,"서울특별시 금천구 범안로12길 50 (독산동 1005-3, 쥬빌리2차 제2동)",금천구,C,4분,0.001,2순위,8점,78
2024,상,신규공급,23B,서전하우스,"서울특별시 금천구 범안로12길 29-34 (독산동 1006-143 외 1필지, 서전하우스)",금천구,C,5분,0.001,2순위,6점,78
2024,상,신규공급,26B,서전하우스,"서울특별시 금천구 범안로12길 29-34 (독산동 1006-143 외 1필지, 서전하우스)",금천구,C,5분,0.001,2순위,8점,78
2024,상,신규공급,27B,엠제트하우스,"서울특별시 금천구 범안로15길 8-13 (독산동 331-51, 엠제트하우스)",금천구,C,5분,0.001,2순위,7점,78
2024,상,재공급,-,월계동참조은원룸,"서울특별시 노원구 초안산로2라길 3-5 (월계동 655-8,9, 월계동참조은원룸)",노원구,A,2분,5.22E-05,1순위,5점,7
2024,상,재공급,-,동원힐하스,"서울특별시 노원구 공릉로26길 28 (공릉동 645-16,17, 동원힐하스)",노원구,A,5분,5.22E-05,1순위,9점,7
2024,상,재공급,40A,온리유 가동,"서울특별시 도봉구 도당로13라길 61 (방학동 627-33, 온리유 가동)",도봉구,B,9분,0.000166667,1순위,6점,13
2024,상,재공급,남성/34A,삼화에코빌2차 A동,"서울특별시 동대문구 답십리로65길 114 (장안동 287-7,9, 삼화에코빌2차 A동)",동대문구,B,29분,0.000284404,1순위,3점,31
2024,상,재공급,여성/47C,삼화에코빌2차 B동,"서울특별시 동대문구 답십리로65길 114 (장안동 287-7,9, 삼화에코빌2차 B동)",동대문구,B,29분,0.000284404,1순위,9점,31
2024,상,재공급,여성/56C,더존에이스빌 나동,"서울특별시 동대문구 천호대로89길 51 (장안동 445-3, 더존에이스빌 나동)",동대문구,B,7분,0.000284404,1순위,9점,31
2024,상,신규공급,26B,휘경 에스하임,"서울특별시 동대문구 망우로 109 (휘경동 75-6, 휘경 에스하임)",동대문구,B,8분,0.000284404,1순위,5점,31
2024,상,신규공급,28B,휘경 에스하임,"서울특별시 동대문구 망우로 109 (휘경동 75-6, 휘경 에스하임)",동대문구,B,8분,0.000284404,1순위,5점,31
2024,상,재공급,-,진흥하임시티,"서울특별시 마포구 성미산로 21 (성산동 250-43, 진흥하임시티)",마포구,A,4분,0.000226115,1순위,9점,28
2024,상,재공급,32A,드림하우징,"서울특별시 마포구 와우산로21길 31-19 (서교동 364-13, 드림하우징)",마포구,A,6분,0.000226115,1순위,10점,28
2024,상,재공급,-,현인그린빌,"서울특별시 서대문구 홍은중앙로8길 9 (홍은동 9-108,109, 현인그린빌)",서대문구,B,21분,0.000381443,2순위,8점,37
2024,상,재공급,-,더스페이스빌,"서울특별시 서대문구 증가로8길 68-24 (홍은동 411-5, 더스페이스빌)",서대문구,B,30분,0.000381443,2순위,8점,37
2024,상,재공급,여성,주영테크빌,"서울특별시 서대문구 증가로12가길 68 (북가좌동 5-92, 주영테크빌)",서대문구,B,11분,0.000381443,2순위,6점,37
2024,상,재공급,여성,제이씨아트빌2차,"서울특별시 서대문구 명지대5길 13 (남가좌동 3-68, 제이씨아트빌2차)",서대문구,B,22분,0.000381443,2순위,8점,37
2024,상,재공급,-,르비앙.휴,"서울특별시 서대문구 포방터2다길 7 (홍은동 8-541,542,1411, 르비앙.휴)",서대문구,B,24분,0.000381443,2순위,5점,37
2024,상,재공급,-,다움파크빌,"서울특별시 서대문구 증가로24가길 11 (북가좌동 2-74, 다움파크빌)",서대문구,B,9분,0.000381443,2순위,9점,37
2024,상,재공급,29A,YJ빌라,"서울특별시 서대문구 응암로 142-18 (북가좌동 455-2, YJ빌라)",서대문구,B,7분,0.000381443,1순위,6점,37
2024,상,재공급,29B,D&D house,"서울특별시 서대문구 연희로 168 (연희동 79-30, D&D house)",서대문구,B,29분,0.000381443,1순위,9점,37
2024,상,재공급,-,백년빌,"서울특별시 서초구 논현로5길 24-10 (양재동 395-10, 백년빌)",서초구,A,12분,0.000342105,1순위,5점,39
2024,상,재공급,-,백년빌,"서울특별시 서초구 논현로7길 36 (양재동 392-20, 백년빌)",서초구,A,11분,0.000342105,1순위,6점,39
2024,상,재공급,28B,서초파크타운 B동,"서울특별시 서초구 반포대로5길 62 (서초동 1478-16, 서초파크타운 B동)",서초구,A,11분,0.000342105,-,-,39
2024,상,재공급,29B,동우빌라트 서초,"서울특별시 서초구 효령로46길 32-5 (서초동 1481-14, 동우빌라트 서초)",서초구,A,10분,0.000342105,1순위,5점,39
2024,상,재공급,34A,반포삼이하우스,"서울특별시 서초구 주흥6길 33 (반포동 726-40, 반포삼이하우스)",서초구,A,6분,0.000342105,1순위,10점,39
2024,상,재공급,21B,S-하우스 B동,"서울특별시 성동구 고산자로17길 9-1 (마장동 564-7, S-하우스 B동)",성동구,A,8분,0.000159091,1순위,6점,14
2024,상,신규공급,20B,명칭없음,"서울특별시 성동구 가람길 267 (용답동 238-7, 명칭없음)",성동구,A,7분,0.000159091,2순위,9점,14
2024,상,신규공급,25B,명칭없음,"서울특별시 성동구 가람길 267 (용답동 238-7, 명칭없음)",성동구,A,7분,0.000159091,1순위,5점,14
2024,상,재공급,29B,정목빌,"서울특별시 성북구 장월로28길 49 (장위동 77-58외, 정목빌)",성북구,A,10분,0.000327273,1순위,5점,45
2024,상,재공급,39A,정목빌,"서울특별시 성북구 장월로28길 49 (장위동 77-58외, 정목빌)",성북구,A,10분,0.000327273,1순위,8점,45
2024,상,재공급,여성,서도휴빌,"서울특별시 성북구 장월로1마길 23 (하월곡동 231, 서도휴빌 103,105동)",성북구,A,6분,0.000327273,1순위,9점,45
2024,상,재공급,남성,서도휴빌,"서울특별시 성북구 장월로1마길 23 (하월곡동 231, 서도휴빌 101,102,107동)",성북구,A,6분,0.000327273,1순위,9점,45
2024,상,재공급,35A,파인빌2,"서울특별시 송파구 백제고분로42길 18-9 (송파동 91-1, 파인빌2)",송파구,B,4분,0.000595855,1순위,8점,115
2024,상,재공급,23B,유케이타운,"서울특별시 송파구 삼전로10길 54 (삼전동 116-3, 유케이타운)",송파구,B,3분,0.000595855,1순위,5점,115
2024,상,재공급,34A,다온에코하임,"서울특별시 송파구 거마로9길 24-5 (거여동 135-54외, 다온에코하임)",송파구,B,6분,0.000595855,1순위,11점,115
2024,상,재공급,25B,네스트137,"서울특별시 송파구 백제고분로48길 41-15 (방이동 137-10, 네스트137)",송파구,B,6분,0.000595855,2순위,8점,115
2024,상,재공급,24A,꿈꾸지오,"서울특별시 송파구 송파대로47길 6 (석촌동 182-4, 꿈꾸지오)",송파구,B,5분,0.000595855,1순위,8점,115
2024,상,재공급,27B,드림네스트,"서울특별시 송파구 가락로5길 3-75 (석촌동 237-16외, 드림네스트)",송파구,B,5분,0.000595855,1순위,8점,115
2024,상,재공급,31B,영스테이,"서울특별시 송파구 올림픽로12길 52-8 (잠실동 214-6, 영스테이)",송파구,B,6분,0.000595855,1순위,5점,115
2024,상,재공급,40A,영스테이,"서울특별시 송파구 올림픽로12길 52-8 (잠실동 214-6, 영스테이)",송파구,B,6분,0.000595855,1순위,10점,115
2024,상,재공급,26B,서도휴빌,"서울특별시 송파구 문정로5길 3-36 (문정동 13-7, 서도휴빌)",송파구,B,6분,0.000595855,1순위,5점,115
2024,상,재공급,36A,송파누리빌,"서울특별시 송파구 백제고분로46길 41-7 (송파동 145-5, 송파누리빌)",송파구,B,7분,0.000595855,1순위,8점,115
2024,상,재공급,28B,에코리움빌,"서울특별시 양천구 남부순환로56가길 14 (신월동 197-8, 에코리움빌)",양천구,B,28분,0.000353982,1순위,0점,40
2024,상,재공급,34A,에코리움빌,"서울특별시 양천구 남부순환로60길 12-10 (신월동 197-11외, 에코리움빌)",양천구,B,29분,0.000353982,1순위,5점,40
2024,상,재공급,39A,다온빌리지,"서울특별시 양천구 목동중앙본로20길 35 (목동 231-36, 다온빌리지)",양천구,B,9분,0.000353982,1순위,8점,40
2024,상,재공급,29B,T&K신정,"서울특별시 양천구 오목로38길 23-5 (신정동 960-21외, T&K신정)",양천구,B,3분,0.000353982,1순위,8점,40
2024,상,재공급,20B,케이앰캐슬타운,"서울특별시 영등포구 선유서로26길 28 (양평동1가 208-1, 케이앰캐슬타운)",영등포구,B,4분,0.000664,1순위,7점,83
2024,상,재공급,29B,경동파크빌,"서울특별시 영등포구 대림로35나길 14 (대림동 737-2, 경동파크빌)",영등포구,B,7분,0.000664,1순위,2점,83
2024,상,재공급,28B,명지파크빌,"서울특별시 영등포구 대림로16길 9 (대림동 858-34외, 명지파크빌)",영등포구,B,7분,0.000664,2순위,6점,83
2024,상,재공급,45A,명지파크빌,"서울특별시 영등포구 대림로16길 9 (대림동 858-34외, 명지파크빌)",영등포구,B,7분,0.000664,1순위,9점,83
2024,상,재공급,28B,케이디하우스,"서울특별시 영등포구 영등포로35나길 5 (영등포동6가 30-5외, 케이디하우스)",영등포구,B,2분,0.000664,1순위,6점,83
2024,상,재공급,32A,남양파크빌,"서울특별시 영등포구 도림로48길 9 (대림동 700-28, 남양파크빌)",영등포구,B,6분,0.000664,1순위,7점,83
2024,상,재공급,27B,삼정주택,"서울특별시 영등포구 영신로47길 13-1 (당산동1가 230, 삼정주택)",영등포구,B,6분,0.000664,1순위,10점,83
2024,상,재공급,27A,Oaktreevil DR2,"서울특별시 영등포구 대림로35길 8-1 (대림동 775-11, Oaktreevil DR2)",영등포구,B,9분,0.000664,2순위,8점,83
2024,상,재공급,29B,민하우스2,"서울특별시 영등포구 가마산로46가길 5 (대림동 680-3, 민하우스2)",영등포구,B,11분,0.000664,2순위,6점,83
2024,상,신규공급,28B,명칭없음,"서울특별시 영등포구 대림로 203 (대림동 740-2, 명칭없음)",영등포구,B,9분,0.000664,2순위,7점,83
2024,상,재공급,20B,구산유앤아이하우스3,"서울특별시 은평구 연서로11길 29-10 (구산동 24-13, 구산유앤아이하우스3)",은평구,C,7분,0.000286822,1순위,2점,37
2024,상,재공급,27B,응암에코타운,"서울특별시 은평구 은평로16길 12 (응암동 72-6, 응암에코타운)",은평구,C,7분,0.000286822,1순위,5점,37
2024,상,재공급,19B,리츠하우스2,"서울특별시 은평구 갈현로11가길 14-4 (구산동 177-53, 리츠하우스2)",은평구,C,13분,0.000286822,2순위,8점,37
2024,상,재공급,18B,서도휴파크,"서울특별시 종로구 종로 387 (숭인동 178-100, 서도휴파크)",종로구,A,4분,0.000146341,1순위,3점,6
2024,상,재공급,여성,다원빌,"서울특별시 종로구 지봉로12길 11 (숭인동 56-37, 다원빌)",종로구,A,3분,0.000146341,1순위,8점,6
2024,상,재공급,여성,동일케슬,"서울특별시 중랑구 동일로148길 43 (묵동 128-60,61,68,69, 동일케슬)",중랑구,C,6분,0.000419048,2순위,6점,44
2024,상,재공급,18B,도원휴먼빌,"서울특별시 중랑구 동일로123길 76 (중화동 315-31, 도원휴먼빌)",중랑구,C,5분,0.000419048,2순위,7점,44
2024,상,재공급,19B,도원휴먼빌,"서울특별시 중랑구 동일로169가길 27 (묵동 235-32, 도원휴먼빌)",중랑구,C,4분,0.000419048,2순위,8점,44
2024,상,재공급,24B,서영스윗홈,"서울특별시 중랑구 상봉로20길 91 (망우동 460-4, 서영스윗홈)",중랑구,C,10분,0.000419048,1순위,2점,44
2024,상,재공급,33A,해마루빌리지,"서울특별시 중랑구 봉화산로2길 51 (중화동 461, 해마루빌리지)",중랑구,C,7분,0.000419048,1순위,8점,44
2024,상,신규공급,28B,드림빌,"서울특별시 중랑구 숙선옹주로3길 20-3 (묵동 301-6, 드림빌)",중랑구,C,7분,0.000419048,1순위,0점,44
2024,상,신규공급,38A,드림빌,"서울특별시 중랑구 숙선옹주로3길 20-3 (묵동 301-6, 드림빌)",중랑구,C,7분,0.000419048,1순위,8점,44
2024,하,재공급,26B,백년빌,"서울특별시 강남구 논현로57길 39(백년빌, 도곡동 547-2)",강남구,A,10분,0.000184211,1순위,9점,28
2024,하,재공급,45A,신우휴먼빌암사2차,"서울특별시 강동구 암사길 83-13(신우휴먼빌암사2차, 암사동 433-85,88)",강동구,C,7분,0.001442597,1순위,8점,144
2024,하,재공급,29B,WISH희망,"서울특별시 강동구 천호대로168다길 6(WISH희망, 성내동 155-6)",강동구,C,3분,0.001442597,2순위,9점,144
2024,하,재공급,44A,명칭없음,"서울특별시 강동구 구천면로53길 36-19(명칭없음, 암사동 478-6 외)",강동구,C,9분,0.001442597,1순위,5점,144
2024,하,재공급,29A,Hwells PARK 천호2,"서울특별시 강동구 진황도로27길 30(Hwells PARK 천호2, 천호동 167-128)",강동구,C,6분,0.001442597,1순위,5점,144
2024,하,재공급,28B,펠리체65,"서울특별시 강동구 진황도로27가길 29(펠리체65, 천호동 191-13)",강동구,C,6분,0.001442597,1순위,5점,144
2024,하,재공급,27B,스테이온,"서울특별시 강동구 천중로 157(스테이온, 천호동 55-43)",강동구,C,6분,0.001442597,1순위,3점,144
2024,하,신규공급,29B,아성플러스,"서울특별시 강동구 양재대로143길 31(아성플러스, 명일동 312-143)",강동구,C,2분,0.001442597,1순위,5점,144
2024,하,신규공급,40A,아성플러스,"서울특별시 강동구 양재대로143길 31(아성플러스, 명일동 312-143)",강동구,C,2분,0.001442597,1순위,5점,144
2024,하,신규공급,28B,오성파크,"서울특별시 강동구 양재대로95길 36-5(오성파크, 성내동 404-14)",강동구,C,5분,0.001442597,1순위,3점,144
2024,하,재공급,27B,WISH희망,"서울특별시 강동구 천호대로168다길 6(WISH희망, 성내동 155-6)",강동구,C,3분,0.001442597,2순위,8점,144
2024,하,재공급,-,홍원하이빌강북6,"서울특별시 강북구 인수봉로82길 26(홍원하이빌강북6, 수유동 291-59)",강북구,C,6분,0.000848101,2순위,6점,67
2024,하,재공급,29B,북한산파크빌,"서울특별시 강북구 삼양로169길 24-36(북한산파크빌, 우이동 163-8, 9)",강북구,C,2분,0.000848101,1순위,7점,67
2024,하,재공급,37A,미아 에스하임,"서울특별시 강북구 도봉로61길 5(미아 에스하임, 미아동 1373)",강북구,C,3분,0.000848101,1순위,5점,67
2024,하,신규공급,27B,명칭없음,"서울특별시 강북구 솔매로41길 32(명칭없음, 미아동 223-4)",강북구,C,3분,0.000848101,1순위,2점,67
2024,하,신규공급,37A,명칭없음,"서울특별시 강북구 솔매로41길 32(명칭없음, 미아동 223-4)",강북구,C,3분,0.000848101,1순위,8점,67
2024,하,신규공급,51A,명칭없음,"서울특별시 강북구 솔매로41길 32(명칭없음, 미아동 223-4)",강북구,C,3분,0.000848101,1순위,8점,67
2024,하,신규공급,27B,명칭없음,"서울특별시 강북구 인수봉로79길 12-4(명칭없음, 수유동 560-2)",강북구,C,8분,0.000848101,2순위,8점,67
2024,하,신규공급,32A,명칭없음,"서울특별시 강북구 인수봉로79길 12-4(명칭없음, 수유동 560-2)",강북구,C,8분,0.000848101,1순위,3점,67
2024,하,신규공급,38A,명칭없음,"서울특별시 강북구 인수봉로79길 12-4(명칭없음, 수유동 560-2)",강북구,C,8분,0.000848101,1순위,3점,67
2024,하,신규공급,48A,명칭없음,"서울특별시 강북구 인수봉로79길 12-4(명칭없음, 수유동 560-2)",강북구,C,8분,0.000848101,1순위,2점,67
2024,하,재공급,26B,STAY온-1,"서울특별시 관악구 남부순환로157길 3(STAY온-1, 신림동 507-20외)",관악구,B,10분,0.000338462,2순위,8점,66
2024,하,재공급,44A,신림파크빌,"서울특별시 관악구 남부순환로155길 30(신림파크빌, 신림동 505-10)",관악구,B,7분,0.000338462,1순위,5점,66
2024,하,재공급,26A,한별 #6,"서울특별시 관악구 남부순환로 1524(한별 #6, 신림동 1571-12)",관악구,B,11분,0.000338462,1순위,8점,66
2024,하,재공급,29A,T&K신림1,"서울특별시 관악구 조원중앙로 59-3(T&K신림1, 신림동 1649-11, 12)",관악구,B,8분,0.000338462,1순위,5점,66
2024,하,재공급,28B,경호빌,"서울특별시 관악구 조원로16가길 41(경호빌, 신림동 537-14)",관악구,B,7분,0.000338462,2순위,6점,66
2024,하,재공급,27B,T&K신림III,"서울특별시 관악구 남부순환로151길 34(T&K신림III, 신림동 510-20)",관악구,B,7분,0.000338462,2순위,10점,66
2024,하,신규공급,34A,T&K신림Ⅳ,"서울특별시 관악구 남부순환로155길 23(T&K신림Ⅳ, 신림동 509-1)",관악구,B,8분,0.000338462,1순위,8점,66
2024,하,신규공급,38A,T&K신림Ⅳ,"서울특별시 관악구 남부순환로155길 23(T&K신림Ⅳ, 신림동 509-1)",관악구,B,8분,0.000338462,1순위,9점,66
2024,하,신규공급,43C,T&K신림Ⅳ,"서울특별시 관악구 남부순환로155길 23(T&K신림Ⅳ, 신림동 509-1)",관악구,B,8분,0.000338462,1순위,8점,66
2024,하,신규공급,27B,나르하우스,"서울특별시 관악구 관천로15길 31(나르하우스, 신림동 470-25)",관악구,B,9분,0.000338462,1순위,3점,66
2024,하,신규공급,35A,나르하우스,"서울특별시 관악구 관천로15길 31(나르하우스, 신림동 470-25)",관악구,B,9분,0.000338462,1순위,6점,66
2024,하,신규공급,48C,나르하우스,"서울특별시 관악구 관천로15길 31(나르하우스, 신림동 470-25)",관악구,B,9분,0.000338462,1순위,9점,66
2024,하,신규공급,27B,꿈의궁전,"서울특별시 관악구 양녕로2길 32(꿈의궁전, 봉천동 885-52)",관악구,B,6분,0.000338462,1순위,6점,66
2024,하,신규공급,37B,꿈의궁전,"서울특별시 관악구 양녕로2길 32(꿈의궁전, 봉천동 885-52)",관악구,B,6분,0.000338462,1순위,8점,66
2024,하,신규공급,29A,A동,"서울특별시 관악구 신림로21길 79(A동, 신림동 1562-10)",관악구,B,8분,0.000338462,1순위,3점,66
2024,하,신규공급,30A,B동,"서울특별시 관악구 신림로21길 79(B동, 신림동 1562-10)",관악구,B,8분,0.000338462,1순위,3점,66
2024,하,신규공급,39A,B동,"서울특별시 관악구 신림로21길 79(B동, 신림동 1562-10)",관악구,B,8분,0.000338462,1순위,5점,66
2024,하,신규공급,46A,B동,"서울특별시 관악구 신림로21길 79(B동, 신림동 1562-10)",관악구,B,8분,0.000338462,1순위,9점,66
2024,하,재공급,44C(여성),하임,"서울특별시 관악구 난곡로30길 23(하임, 신림동 624-34)",관악구,B,22분,0.000338462,1순위,8점,66
2024,하,신규공급,27B,T&K구의,"서울특별시 광진구 자양로36길 17-17(T&K구의, 구의동 65-24 외 1필지)",광진구,B,8분,0.000429825,1순위,8점,49
2024,하,신규공급,32A,T&K구의,"서울특별시 광진구 자양로36길 17-17(T&K구의, 구의동 65-24 외 1필지)",광진구,B,8분,0.000429825,1순위,8점,49
2024,하,신규공급,45A,T&K구의,"서울특별시 광진구 자양로36길 17-17(T&K구의, 구의동 65-24 외 1필지)",광진구,B,8분,0.000429825,1순위,9점,49
2024,하,재공급,32B(남성),지오빌,"서울특별시 광진구 자양번영로3나길 31(지오빌, 자양동 589-5,6)",광진구,B,8분,0.000429825,1순위,3점,49
2024,하,재공급,-,에이스빌,"서울특별시 구로구 경인로33가길 25(에이스빌, 개봉동 147-3 외 1필지)",구로구,C,8분,0.00106087,2순위,5점,122
2024,하,재공급,37A,계림웨스트밸리,"서울특별시 구로구 경인로 70(계림웨스트밸리, 오류동 360)",구로구,C,7분,0.00106087,1순위,5점,122
2024,하,재공급,22B,낙원가우디움,"서울특별시 구로구 고척로27마길 26-11(낙원가우디움, 고척동 241-157)",구로구,C,25분,0.00106087,2순위,6점,122
2024,하,재공급,33A,모던하우스,"서울특별시 구로구 개봉로15길 36-25(모던하우스, 개봉동 332-32,4)",구로구,C,8분,0.00106087,1순위,5점,122
2024,하,재공급,19B,하늘사랑채5차,"서울특별시 구로구 고척로27다길 39-11(하늘사랑채5차, 고척동 241-112)",구로구,C,25분,0.00106087,2순위,7점,122
2024,하,재공급,29B,아이빌11차,"서울특별시 구로구 경인로47다길 20-3(아이빌11차, 고척동 57-19)",구로구,C,12분,0.00106087,1순위,6점,122
2024,하,재공급,28B,오류동 청년주택,"서울특별시 구로구 경인로27길 13(오류동 청년주택, 오류동 31-121)",구로구,C,4분,0.00106087,1순위,5점,122
2024,하,재공급,36A,청정마을,"서울특별시 구로구 가마산로20나길 23(청정마을, 구로동 429-254)",구로구,C,9분,0.00106087,1순위,5점,122
2024,하,재공급,45C,라온에코빌,"서울특별시 구로구 가마산로20길 56(라온에코빌, 구로동 329-48, 83)",구로구,C,7분,0.00106087,1순위,11점,122
2024,하,재공급,28B,삼화에코빌,"서울특별시 구로구 개봉로17나길 106(삼화에코빌, 개봉동 307-13)",구로구,C,6분,0.00106087,1순위,3점,122
2024,하,재공급,36A,대정이오스,"서울특별시 구로구 구로중앙로28길 35-9(대정이오스, 구로동 113-5)",구로구,C,8분,0.00106087,1순위,6점,122
2024,하,재공급,43A,대정이오스,"서울특별시 구로구 오리로13길 50(대정이오스, 오류동 240-7)",구로구,C,9분,0.00106087,1순위,6점,122
2024,하,재공급,-,청춘가옥,"서울특별시 금천구 독산로50길 130-9(청춘가옥, 시흥동 3-123)",금천구,C,33분,0.001,2순위,5점,78
2024,하,재공급,26B,신영오피스텔,"서울특별시 금천구 범안로11길 60(신영오피스텔, 독산동 333-14)",금천구,C,5분,0.001,1순위,4점,78
2024,하,재공급,29B,아이유하임,"서울특별시 금천구 독산로 293(아이유하임, 독산동 1162)",금천구,C,26분,0.001,1순위,3점,78
2024,하,재공급,28A,한별 #3,"서울특별시 금천구 두산로10길 9(한별 #3, 독산동 330-13)",금천구,C,7분,0.001,2순위,6점,78
2024,하,재공급,30A,스타힐스,"서울특별시 금천구 독산로23길 19(스타힐스, 시흥동 840-34, 89)",금천구,C,20분,0.001,1순위,6점,78
2024,하,재공급,여성,A단지,"서울특별시 금천구 독산로33길 34(A단지, 시흥동 849-33)",금천구,C,12분,0.001,2순위,7점,78
2024,하,재공급,-,아이빌 7차,"서울특별시 금천구 독산로20길 13(아이빌 7차, 시흥동 833-13)",금천구,C,25분,0.001,1순위,5점,78
2024,하,재공급,29A(여성),휴먼에코빌4차 B동,"서울특별시 금천구 독산로96길 27-6(휴먼에코빌4차 B동, 독산동 234-22)",금천구,C,22분,0.001,2순위,8점,78
2024,하,재공급,40C(여성),휴먼에코빌4차 B동,"서울특별시 금천구 독산로96길 27-6(휴먼에코빌4차 B동, 독산동 234-22)",금천구,C,22분,0.001,1순위,8점,78
2024,하,재공급,32A,휴먼에코빌1차,"서울특별시 도봉구 도당로13라길 129(휴먼에코빌1차, 방학동 645-39외)",도봉구,B,6분,0.000166667,1순위,5점,13
2024,하,재공급,22B,명칭없음,"서울특별시 도봉구 시루봉로12길 10-15(명칭없음, 방학동 313-7)",도봉구,B,24분,0.000166667,2순위,8점,13
2024,하,재공급,-,제기홈,"서울특별시 동대문구 경동시장로9가길 21(제기홈, 제기동 846-23 외 1필지)",동대문구,B,6분,0.000284404,1순위,7점,31
2024,하,신규공급,29B,서도휴파크,"서울특별시 동대문구 답십리로 252(서도휴파크, 장안동 591)",동대문구,B,24분,0.000284404,1순위,3점,31
2024,하,신규공급,23B,초행지붕-상도,"서울특별시 동작구 양녕로22바길 20(초행지붕-상도, 상도동 214-425)",동작구,B,8분,0.000106557,1순위,5점,13
2024,하,신규공급,28B,초행지붕-상도,"서울특별시 동작구 양녕로22바길 20(초행지붕-상도, 상도동 214-425)",동작구,B,8분,0.000106557,2순위,8점,13
2024,하,재공급,36A,YJ빌라,"서울특별시 서대문구 응암로 142-18(YJ빌라, 북가좌동 455-2)",서대문구,B,7분,0.000381443,1순위,8점,37
2024,하,재공급,29B,D&D house,"서울특별시 서대문구 연희로 168(D&D house, 연희동 79-30)",서대문구,B,29분,0.000381443,1순위,8점,37
2024,하,재공급,-,서초파크타운 A동,"서울특별시 서초구 반포대로5길 64(서초파크타운 A동, 서초동 1478-9)",서초구,A,11분,0.000342105,1순위,5점,39
2024,하,재공급,26B,T&K반포,"서울특별시 서초구 주흥9길 8-13(T&K반포, 반포동 716-5)",서초구,A,5분,0.000342105,1순위,8점,39
2024,하,재공급,32A,T&K반포,"서울특별시 서초구 주흥9길 8-13(T&K반포, 반포동 716-5)",서초구,A,5분,0.000342105,1순위,8점,39
2024,하,재공급,-,백년빌,"서울특별시 서초구 논현로5길 15-20(백년빌, 양재동 400-6)",서초구,A,19분,0.000342105,1순위,3점,39
2024,하,재공급,28B,서초파크타운 B동,"서울특별시 서초구 반포대로5길 62(서초파크타운 B동, 서초동 1478-16)",서초구,A,11분,0.000342105,1순위,5점,39
2024,하,재공급,-,와이하우스,"서울특별시 성동구 자동차시장3길 93(와이하우스, 용답동 238-5)",성동구,A,6분,0.000159091,1순위,5점,14
2024,하,재공급,25B,정목빌,"서울특별시 성북구 장월로28길 49(정목빌, 장위동 77-58외)",성북구,A,10분,0.000327273,1순위,5점,45
2024,하,신규공급,35A,KAINOS-HOUSE,"서울특별시 성북구 솔샘로5길 31(KAINOS-HOUSE, 정릉동 692-13 외 3필지)",성북구,A,7분,0.000327273,1순위,5점,45
2024,하,신규공급,40A,KAINOS-HOUSE,"서울특별시 성북구 솔샘로5길 31(KAINOS-HOUSE, 정릉동 692-13 외 3필지)",성북구,A,7분,0.000327273,1순위,4점,45
2024,하,신규공급,46A,KAINOS-HOUSE,"서울특별시 성북구 솔샘로5길 31(KAINOS-HOUSE, 정릉동 692-13 외 3필지)",성북구,A,7분,0.000327273,1순위,5점,45
2024,하,신규공급,57C,KAINOS-HOUSE,"서울특별시 성북구 솔샘로5길 31(KAINOS-HOUSE, 정릉동 692-13 외 3필지)",성북구,A,7분,0.000327273,1순위,9점,45
2024,하,재공급,23B,유케이타운,"서울특별시 송파구 삼전로10길 54(유케이타운, 삼전동 116-3)",송파구,B,3분,0.000595855,1순위,7점,115
2024,하,재공급,28B,티엘하우스,"서울특별시 송파구 중대로14길 6(티엘하우스, 가락동 129-11)",송파구,B,1분,0.000595855,1순위,6점,115
2024,하,재공급,49A,티엘하우스,"서울특별시 송파구 중대로14길 6(티엘하우스, 가락동 129-11)",송파구,B,1분,0.000595855,1순위,8점,115
2024,하,재공급,26B,마천빌,"서울특별시 송파구 성내천로22길 1(마천빌, 마천동 40-10)",송파구,B,11분,0.000595855,2순위,8점,115
2024,하,재공급,34A,서도휴빌,"서울특별시 송파구 문정로5길 3-34(서도휴빌, 문정동 13-8)",송파구,B,6분,0.000595855,1순위,8점,115
2024,하,재공급,26B,명칭없음,"서울특별시 송파구 가락로5길 13-15(명칭없음, 석촌동 243-1)",송파구,B,6분,0.000595855,1순위,6점,115
2024,하,재공급,50A,명칭없음,"서울특별시 송파구 가락로5길 13-15(명칭없음, 석촌동 243-1)",송파구,B,6분,0.000595855,1순위,9점,115
2024,하,재공급,28B,광채빌라,"서울특별시 송파구 삼전로2길 49(광채빌라, 삼전동 53-19)",송파구,B,8분,0.000595855,1순위,5점,115
2024,하,재공급,29B,WISH,"서울특별시 송파구 동남로2길 21-17(WISH, 문정동 48-9)",송파구,B,3분,0.000595855,1순위,8점,115
2024,하,재공급,40A,WISH,"서울특별시 송파구 동남로2길 21-17(WISH, 문정동 48-9)",송파구,B,3분,0.000595855,1순위,8점,115
2024,하,재공급,40A,더클래스 오금3,"서울특별시 송파구 마천로23길 4(더클래스 오금3, 오금동 119-29)",송파구,B,10분,0.000595855,1순위,7점,115
2024,하,재공급,26B,도담마을,"서울특별시 송파구 토성로17길 9-1(도담마을, 풍납동 408-10)",송파구,B,3분,0.000595855,1순위,3점,115
2024,하,재공급,28B,도담마을,"서울특별시 송파구 토성로17길 9-1(도담마을, 풍납동 408-10)",송파구,B,3분,0.000595855,1순위,4점,115
2024,하,신규공급,27B,희망,"서울특별시 송파구 동남로23가길 4-12(희망, 오금동 58-1 외 1필지)",송파구,B,6분,0.000595855,1순위,5점,115
2024,하,신규공급,26B,라벨메종4,"서울특별시 송파구 가락로39길 26(라벨메종4, 방이동 152-15)",송파구,B,5분,0.000595855,1순위,5점,115
2024,하,신규공급,31A,라벨메종4,"서울특별시 송파구 가락로39길 26(라벨메종4, 방이동 152-15)",송파구,B,5분,0.000595855,1순위,11점,115
2024,하,신규공급,40D,라벨메종4,"서울특별시 송파구 가락로39길 26(라벨메종4, 방이동 152-15)",송파구,B,5분,0.000595855,1순위,8점,115
2024,하,신규공급,41A,라벨메종4,"서울특별시 송파구 가락로39길 26(라벨메종4, 방이동 152-15)",송파구,B,5분,0.000595855,1순위,8점,115
2024,하,신규공급,26B,명칭없음,"서울특별시 송파구 백제고분로24길 7(명칭없음, 삼전동 50-14)",송파구,B,5분,0.000595855,1순위,5점,115
2024,하,신규공급,30B,명칭없음,"서울특별시 송파구 백제고분로24길 7(명칭없음, 삼전동 50-14)",송파구,B,5분,0.000595855,1순위,7점,115
2024,하,신규공급,37A,명칭없음,"서울특별시 송파구 백제고분로24길 7(명칭없음, 삼전동 50-14)",송파구,B,5분,0.000595855,1순위,8점,115
2024,하,재공급,24B,비전하우스,"서울특별시 양천구 곰달래로1길 36-1(비전하우스, 신월동 135-16)",양천구,B,24분,0.000353982,1순위,2점,40
2024,하,재공급,28B,에코리움빌,"서울특별시 양천구 남부순환로56가길 14(에코리움빌, 신월동 197-8)",양천구,B,28분,0.000353982,1순위,3점,40
2024,하,재공급,20B,에코리움빌,"서울특별시 양천구 남부순환로60길 12-10(에코리움빌, 신월동 197-11 외 1필지)",양천구,B,29분,0.000353982,2순위,7점,40
2024,하,재공급,19B,에코하임5차,"서울특별시 양천구 목동중앙본로22길 52(에코하임5차, 목동 231-77)",양천구,B,9분,0.000353982,2순위,9점,40
2024,하,재공급,-,양평에스하임2 가동,"서울특별시 영등포구 양평로28마길 24(양평에스하임2 가동, 양평동6가 65)",영등포구,B,8분,0.000664,1순위,9점,83
2024,하,재공급,20B,로프트시티,"서울특별시 영등포구 영등포로 244(로프트시티, 영등포동3가 3-3 외 2필지)",영등포구,B,5분,0.000664,1순위,3점,83
2024,하,재공급,29B,삼정리버뷰,"서울특별시 영등포구 경인로71길 74(삼정리버뷰, 문래동5가 20-21)",영등포구,B,3분,0.000664,1순위,6점,83
2024,하,신규공급,28B,K-House응암,"서울특별시 은평구 가좌로10길 29-16(K-House응암, 응암동 579-14)",은평구,C,5분,0.000286822,1순위,5점,37
2024,하,신규공급,34A,K-House응암,"서울특별시 은평구 가좌로10길 29-16(K-House응암, 응암동 579-14)",은평구,C,5분,0.000286822,1순위,8점,37
2024,하,신규공급,39A,K-House응암,"서울특별시 은평구 가좌로10길 29-16(K-House응암, 응암동 579-14)",은평구,C,5분,0.000286822,1순위,8점,37
2024,하,재공급,28B,남산의아침 A동,"서울특별시 중구 필동로8길 50-9(남산의아침 A동, 필동2가 84-12외)",중구,A,8분,0.000297297,1순위,5점,11
2024,하,재공급,28A,HwellsPARK장충1,"서울특별시 중구 장충단로6길 45(HwellsPARK장충1, 장충동1가 50-2)",중구,A,5분,0.000297297,1순위,7점,11
2024,하,재공급,19B,서영스윗홈,"서울특별시 중랑구 상봉로20길 91(서영스윗홈, 망우동 460-4)",중랑구,C,10분,0.000419048,1순위,5점,44
2024,하,신규공급,27B,대유파크빌 가동,"서울특별시 중랑구 동일로154길 23-20(대유파크빌 가동, 묵동 122-212 외 2필지)",중랑구,C,2분,0.000419048,1순위,2점,44
2024,하,신규공급,29A,대유파크빌 가동,"서울특별시 중랑구 동일로154길 23-20(대유파크빌 가동, 묵동 122-212 외 2필지)",중랑구,C,2분,0.000419048,1순위,5점,44
2024,하,신규공급,39A,대유파크빌 가동,"서울특별시 중랑구 동일로154길 23-20(대유파크빌 가동, 묵동 122-212 외 2필지)",중랑구,C,2분,0.000419048,1순위,8점,44
2024,하,신규공급,42C,대유파크빌 가동,"서울특별시 중랑구 동일로154길 23-20(대유파크빌 가동, 묵동 122-212 외 2필지)",중랑구,C,2분,0.000419048,1순위,9점,44
2024,하,신규공급,27B,대유파크빌 나동,"서울특별시 중랑구 동일로154길 23-20(대유파크빌 나동, 묵동 122-212 외 2필지)",중랑구,C,2분,0.000419048,1순위,5점,44
2024,하,신규공급,34A,대유파크빌 나동,"서울특별시 중랑구 동일로154길 23-20(대유파크빌 나동, 묵동 122-212 외 2필지)",중랑구,C,2분,0.000419048,1순위,8점,44
2025,상,재공급,-,백년빌,서울특별시 강남구 개포로24길 13 (개포동 1216-7),강남구,A,13분,0.000184211,1순위,5점,28
2025,상,재공급,35A,백년빌,서울특별시 강남구 봉은사로13길 26 (논현동 189-5),강남구,A,5분,0.000184211,1순위,9점,28
2025,상,재공급,-,천호파크빌1,서울특별시 강동구 천중로18길 10 (천호동 364-6 외 1필지),강동구,C,9분,0.001442597,2순위,8점,144
2025,상,재공급,35A,신우휴먼빌암사2차,서울특별시 강동구 암사길 83-13 (암사동 433-85 외 1필지),강동구,C,7분,0.001442597,1순위,8점,144
2025,상,재공급,26B,은슬림7,서울특별시 강동구 진황도로23길 20-1 (천호동 541-2 외 1필지),강동구,C,7분,0.001442597,2순위,9점,144
2025,상,재공급,35C,은슬림8,서울특별시 강동구 진황도로23길 22 (천호동 541 외 7필지),강동구,C,7분,0.001442597,1순위,9점,144
2025,상,재공급,22B,강동서영스윗홈5,서울특별시 강동구 양재대로91길 84 (성내동 420-4),강동구,C,6분,0.001442597,2순위,5점,144
2025,상,재공급,21B,강동서영스윗홈6,서울특별시 강동구 양재대로91길 82 (성내동 420-49),강동구,C,6분,0.001442597,2순위,8점,144
2025,상,재공급,27B,강동서영스윗홈6,서울특별시 강동구 양재대로91길 82 (성내동 420-49),강동구,C,6분,0.001442597,1순위,3점,144
2025,상,재공급,32B,현도빌리지6,서울특별시 강동구 아리수로64길 8 (고덕동 627),강동구,C,10분,0.001442597,2순위,8점,144
2025,상,재공급,40A,현도빌리지6,서울특별시 강동구 아리수로64길 8 (고덕동 627),강동구,C,10분,0.001442597,2순위,6점,144
2025,상,재공급,38A,현도빌리지5,서울특별시 강동구 아리수로66길 14 (고덕동 532-1),강동구,C,10분,0.001442597,1순위,8점,144
2025,상,재공급,26B,천호해마루3차,서울특별시 강동구 구천면로33길 37-9 (천호동 577),강동구,C,8분,0.001442597,2순위,5점,144
2025,상,재공급,40A,허브빌,서울특별시 강동구 올림픽로98가길 31-6 (암사동 493-15),강동구,C,5분,0.001442597,1순위,8점,144
2025,상,재공급,32B,명칭없음,서울특별시 강동구 구천면로53길 36-19 (암사동 478-6 외 1필지),강동구,C,9분,0.001442597,1순위,7점,144
2025,상,재공급,32B,스테이온,서울특별시 강동구 천중로 157 (천호동 55-43),강동구,C,6분,0.001442597,2순위,6점,144
2025,상,재공급,39A,와이디하우스2차,서울특별시 강동구 구천면로35길 24-9 (천호동 299-13 외 1필지),강동구,C,9분,0.001442597,2순위,8점,144
2025,상,재공급,32B,라티빌V,서울특별시 강동구 구천면로47길 30-5 (암사동 486-61 외 1필지),강동구,C,9분,0.001442597,2순위,3점,144
2025,상,재공급,39A,라티빌V,서울특별시 강동구 구천면로47길 30-5 (암사동 486-61 외 1필지),강동구,C,9분,0.001442597,1순위,7점,144
2025,상,신규공급,29B,희망,서울특별시 강동구 풍성로42길 12 (성내동 521-3),강동구,C,8분,0.001442597,2순위,9점,144
2025,상,신규공급,40A,희망,서울특별시 강동구 풍성로42길 12 (성내동 521-3),강동구,C,8분,0.001442597,1순위,8점,144
2025,상,신규공급,50C,희망,서울특별시 강동구 풍성로42길 12 (성내동 521-3),강동구,C,8분,0.001442597,1순위,10점,144
2025,상,재공급,35A,강동서영스윗홈,서울특별시 강동구 천중로48길 9-13 (길동 349-9),강동구,C,5분,0.001442597,1순위,3점,144
2025,상,재공급,-,성신하우스,서울특별시 강북구 인수봉로38길 10 (수유동 468-33),강북구,C,5분,0.000848101,2순위,7점,67
2025,상,재공급,27B,홍원하이빌강북7,서울특별시 강북구 삼양로119길 22 (수유동 313-6),강북구,C,5분,0.000848101,2순위,8점,67
2025,상,재공급,32A,융성그린빌2차,서울특별시 강북구 인수봉로80길 17-5 (수유동 291-121),강북구,C,7분,0.000848101,2순위,5점,67
2025,상,재공급,38A,북한산파크빌,서울특별시 강북구 삼양로169길 24-36 (우이동 163-8 외 1필지),강북구,C,2분,0.000848101,1순위,9점,67
2025,상,재공급,31B,미아 에스하임,서울특별시 강북구 도봉로61길 5 (미아동 1373),강북구,C,3분,0.000848101,1순위,6점,67
2025,상,재공급,32B,미아 에스하임,서울특별시 강북구 도봉로61길 5 (미아동 1373),강북구,C,3분,0.000848101,2순위,6점,67
2025,상,신규공급,28B,명칭없음,서울특별시 강북구 화계사1가길 4 (수유동 466-10),강북구,C,7분,0.000848101,2순위,8점,67
2025,상,신규공급,33B,명칭없음,서울특별시 강북구 화계사1가길 4 (수유동 466-10),강북구,C,7분,0.000848101,2순위,8점,67
2025,상,신규공급,37A,명칭없음,서울특별시 강북구 화계사1가길 4 (수유동 466-10),강북구,C,7분,0.000848101,1순위,8점,67
2025,상,신규공급,27B,명칭없음,서울특별시 강북구 삼양로169길 50-3 (우이동 160-27),강북구,C,3분,0.000848101,2순위,6점,67
2025,상,재공급,21B,SH 초행지붕 - 화곡,서울특별시 강서구 초록마을로14길 19 (화곡동 56-15),강서구,B,11분,8.45E-05,1순위,8점,15
2025,상,재공급,17B,STAY온-1,서울특별시 관악구 남부순환로157길 3 (신림동 507-20 외 1필지),관악구,B,10분,0.000338462,2순위,8점,66
2025,상,재공급,17B,STAY온-2,서울특별시 관악구 남부순환로 1519 (신림동 507-22),관악구,B,10분,0.000338462,1순위,3점,66
2025,상,재공급,26B,STAY온-2,서울특별시 관악구 남부순환로 1519 (신림동 507-22),관악구,B,10분,0.000338462,1순위,3점,66
2025,상,재공급,27B,이도파크빌,서울특별시 관악구 남부순환로159길 35 (신림동 489-17),관악구,B,8분,0.000338462,2순위,5점,66
2025,상,재공급,38A,T&K신림III,서울특별시 관악구 남부순환로151길 34 (신림동 510-20),관악구,B,7분,0.000338462,1순위,9점,66
2025,상,재공급,34B,남현주택,서울특별시 관악구 승방1길 76 (남현동 602-144),관악구,B,7분,0.000338462,1순위,6점,66
2025,상,재공급,26B,스테이온III,서울특별시 관악구 남부순환로 1542 (신림동 1577-33),관악구,B,9분,0.000338462,1순위,8점,66
2025,상,신규공급,18B,청춘가옥,서울특별시 관악구 법원단지5길 50 (신림동 598-129) ,관악구,B,22분,0.000338462,2순위,5점,66
2025,상,신규공급,25B,청춘가옥,서울특별시 관악구 법원단지5길 50 (신림동 598-129) ,관악구,B,22분,0.000338462,2순위,8점,66
2025,상,재공급,여성,구의에스하임1,서울특별시 광진구 광나루로30나길 15 (구의동 638-5 외 1필지),광진구,B,10분,0.000429825,2순위,5점,49
2025,상,재공급,-,자양에스하임4,서울특별시 광진구 뚝섬로49길 60 (자양동 622-8 외 3필지),광진구,B,8분,0.000429825,1순위,2점,49
2025,상,재공급,28B,명칭없음,서울특별시 광진구 천호대로135길 16 (구의동 57-17),광진구,B,4분,0.000429825,2순위,5점,49
2025,상,재공급,35A,명칭없음,서울특별시 광진구 천호대로135길 16 (구의동 57-17),광진구,B,4분,0.000429825,1순위,8점,49
2025,상,재공급,26B,더 엘,서울특별시 광진구 광나루로30가길 16-6 (구의동 638-3 외 1필지),광진구,B,11분,0.000429825,2순위,8점,49
2025,상,신규공급,27B,중곡에스하임3,서울특별시 광진구 천호대로 621 (중곡동 119-9),광진구,B,5분,0.000429825,1순위,5점,49
2025,상,신규공급,29A,중곡에스하임3,서울특별시 광진구 천호대로 621 (중곡동 119-9),광진구,B,5분,0.000429825,1순위,8점,49
2025,상,신규공급,29B,알토하우스,서울특별시 광진구 광나루로30나길 12-3 (구의동 643-2),광진구,B,10분,0.000429825,1순위,6점,49
2025,상,신규공급,35A,알토하우스,서울특별시 광진구 광나루로30나길 12-3 (구의동 643-2),광진구,B,10분,0.000429825,1순위,8점,49
2025,상,신규공급,50A,알토하우스,서울특별시 광진구 광나루로30나길 12-3 (구의동 643-2),광진구,B,10분,0.000429825,1순위,10점,49
2025,상,재공급,남성,지오빌,서울특별시 광진구 자양번영로3나길 31 (자양동 589-5 외 1필지),광진구,B,8분,0.000429825,1순위,9점,49
2025,상,재공급,남성,자양에스하임11,서울특별시 광진구 아차산로46가길 10-3 (자양동 218-9),광진구,B,6분,0.000429825,1순위,6점,49
2025,상,재공급,49A,계림웨스트밸리,서울특별시 구로구 경인로 70 (오류동 360),구로구,C,7분,0.00106087,1순위,8점,122
2025,상,재공급,29B,명진하이빌,서울특별시 구로구 부일로17길 44 (궁동 190-84 외 1필지),구로구,C,12분,0.00106087,2순위,3점,122
2025,상,재공급,23B,하늘사랑채3차,서울특별시 구로구 고척로33나길 4 (고척동 253-40 외 1필지),구로구,C,21분,0.00106087,2순위,6점,122
2025,상,재공급,25B,석윤주택,서울특별시 구로구 고척로21가길 2-9 (개봉동 33-125),구로구,C,12분,0.00106087,2순위,4점,122
2025,상,재공급,26B,도담마을,서울특별시 구로구 가마산로20라길 13 (구로동 429-163),구로구,C,8분,0.00106087,1순위,1점,122
2025,상,재공급,36A,하늘사랑채,서울특별시 구로구 고척로21가길 32-10 (개봉동 33-72),구로구,C,12분,0.00106087,1순위,5점,122
2025,상,재공급,24A,예하임,서울특별시 구로구 오리로22나길 16-50 (궁동 134-7),구로구,C,23분,0.00106087,2순위,6점,122
2025,상,재공급,32A,라온에코빌,서울특별시 구로구 가마산로20길 56 (구로동 329-48 외 1필지),구로구,C,7분,0.00106087,2순위,6점,122
2025,상,재공급,37C,라온에코빌,서울특별시 구로구 가마산로20길 56 (구로동 329-48 외 1필지),구로구,C,7분,0.00106087,1순위,13점,122
2025,상,재공급,32B,삼화에코빌,서울특별시 구로구 개봉로17나길 106 (개봉동 307-13),구로구,C,6분,0.00106087,1순위,8점,122
2025,상,재공급,27B,대정이오스,서울특별시 구로구 구로중앙로28길 35-9 (구로동 113-5),구로구,C,8분,0.00106087,2순위,6점,122
2025,상,재공급,26A,오크트리빌 구로 1차,서울특별시 구로구 구로중앙로28다길 46 (구로동 546-17 외 1필지),구로구,C,7분,0.00106087,2순위,6점,122
2025,상,재공급,28A,오크트리빌 구로 1차,서울특별시 구로구 구로중앙로28다길 46 (구로동 546-17 외 1필지),구로구,C,7분,0.00106087,1순위,8점,122
2025,상,재공급,19B,은슬림10,서울특별시 금천구 탑골로7길 11 (시흥동 220-116),금천구,C,33분,0.001,2순위,3점,78
2025,상,재공급,26B,서전하우스,서울특별시 금천구 범안로12길 29-34 (독산동 1006-143 외 1필지),금천구,C,5분,0.001,2순위,6점,78
2025,상,재공급,27B,엠제트하우스,서울특별시 금천구 범안로15길 8-13 (독산동 331-51),금천구,C,5분,0.001,2순위,8점,78
2025,상,재공급,여성,A단지,서울특별시 금천구 독산로33길 34 (시흥동 849-33),금천구,C,12분,0.001,2순위,3점,78
2025,상,재공급,남성,B단지,서울특별시 금천구 독산로33길 32 (시흥동 849-32),금천구,C,12분,0.001,2순위,5점,78
2025,상,재공급,-,쥬빌리2차(2동),서울특별시 금천구 범안로12길 50 (독산동 1005-3),금천구,C,4분,0.001,1순위,7점,78
2025,상,신규공급,29A,스위트휴,서울특별시 노원구 노원로1길 86 (공릉동 270-66),노원구,A,2분,5.22E-05,1순위,6점,7
2025,상,신규공급,45A,스위트휴,서울특별시 노원구 노원로1길 86 (공릉동 270-66),노원구,A,2분,5.22E-05,1순위,8점,7
2025,상,신규공급,55A,스위트휴,서울특별시 노원구 노원로1길 86 (공릉동 270-66),노원구,A,2분,5.22E-05,1순위,8점,7
2025,상,재공급,-,위드151 B동,서울특별시 도봉구 도봉로151길 63 (방학동 647-10),도봉구,B,6분,0.000166667,1순위,8점,13
2025,상,재공급,-,씨앤제이빌,서울특별시 도봉구 도당로9길 15-3 (방학동 665-29),도봉구,B,21분,0.000166667,1순위,9점,13
2025,상,신규공급,29B,희담재,서울특별시 동대문구 장한로24길 39 (장안동 337-5 외 1필지),동대문구,B,21분,0.000284404,2순위,8점,31
2025,상,재공급,34A(남성),삼화에코빌2차 A동,서울특별시 동대문구 답십리로65길 114 (장안동 287-7 외 1필지),동대문구,B,29분,0.000284404,1순위,6점,31
2025,상,재공급,30B,성지파크빌,서울특별시 동작구 남부순환로255길 16 (사당동 303-42),동작구,B,8분,0.000106557,1순위,6점,13
2025,상,신규공급,28B,광채빌라,서울특별시 동작구 상도로11길 10 (상도동 335-155),동작구,B,2분,0.000106557,1순위,8점,13
2025,상,신규공급,31A,광채빌라,서울특별시 동작구 상도로11길 10 (상도동 335-155),동작구,B,2분,0.000106557,1순위,9점,13
2025,상,신규공급,37A,광채빌라,서울특별시 동작구 상도로11길 10 (상도동 335-155),동작구,B,2분,0.000106557,1순위,8점,13
2025,상,신규공급,41A,광채빌라,서울특별시 동작구 상도로11길 10 (상도동 335-155),동작구,B,2분,0.000106557,1순위,9점,13
2025,상,재공급,28B,드림하우징,서울특별시 마포구 와우산로21길 31-19 (서교동 364-13),마포구,A,6분,0.000226115,1순위,8점,28
2025,상,재공급,34A,연남하이츠,서울특별시 마포구 성미산로19길 78 (연남동 478-4),마포구,A,6분,0.000226115,1순위,11점,28
2025,상,재공급,37A,대원파크빌,서울특별시 마포구 월드컵북로9길 17-6 (성산동 633-7),마포구,A,8분,0.000226115,1순위,8점,28
2025,상,재공급,-,다움파크빌,서울특별시 서대문구 증가로24가길 11 (북가좌동 2-74),서대문구,B,9분,0.000381443,1순위,6점,37
2025,상,재공급,33A(남성),해담빌,서울특별시 서대문구 홍제내2바길 7 (홍제동 360-40),서대문구,B,9분,0.000381443,1순위,8점,37
2025,상,재공급,-,서초파크타운 B동,서울특별시 서초구 반포대로5길 62 (서초동 1478-16),서초구,A,11분,0.000342105,1순위,7점,39
2025,상,재공급,-,백년빌,서울특별시 서초구 논현로5길 15-20 (양재동 400-6),서초구,A,19분,0.000342105,1순위,6점,39
2025,상,재공급,29B,반포삼이하우스,서울특별시 서초구 주흥6길 33 (반포동 726-40),서초구,A,6분,0.000342105,1순위,7점,39
2025,상,재공급,21B,S-하우스 A동,서울특별시 성동구 고산자로17길 9 (마장동 564-16),성동구,A,8분,0.000159091,1순위,11점,14
2025,상,재공급,25B,명칭없음,서울특별시 성동구 가람길 267 (용답동 238-7),성동구,A,7분,0.000159091,1순위,6점,14
2025,상,재공급,-,드림빌2차,서울특별시 성북구 서경로13길 33 (정릉동 227-149),성북구,A,8분,0.000327273,1순위,2점,45
2025,상,재공급,29B,정목빌,서울특별시 성북구 장월로28길 49 (장위동 77-58 외 2필지),성북구,A,10분,0.000327273,2순위,3점,45
2025,상,재공급,38A,미래하이츠,서울특별시 성북구 회기로3길 8 (종암동28-27),성북구,A,2분,0.000327273,1순위,11점,45
2025,상,재공급,44A,미래하이츠,서울특별시 성북구 회기로3길 8 (종암동28-27),성북구,A,2분,0.000327273,1순위,8점,45
2025,상,재공급,59A,미래하이츠,서울특별시 성북구 회기로3길 8 (종암동28-27),성북구,A,2분,0.000327273,1순위,10점,45
2025,상,신규공급,27B,미래하이츠,서울특별시 성북구 동소문로15길 6 (동소문동6가 111 외 1필지),성북구,A,3분,0.000327273,1순위,7점,45
2025,상,신규공급,31B,미래하이츠,서울특별시 성북구 동소문로15길 6 (동소문동6가 111 외 1필지),성북구,A,3분,0.000327273,1순위,6점,45
2025,상,재공급,여성,서도휴빌 105동,서울특별시 성북구 장월로1마길 23 (하월곡동 231),성북구,A,6분,0.000327273,1순위,9점,45
2025,상,재공급,35A,파인빌2,서울특별시 송파구 백제고분로42길 18-9 (송파동 91-1),송파구,B,4분,0.000595855,1순위,10점,115
2025,상,재공급,28B,티엘하우스,서울특별시 송파구 중대로14길 6 (가락동 129-11),송파구,B,1분,0.000595855,1순위,5점,115
2025,상,재공급,25B,네스트137,서울특별시 송파구 백제고분로48길 41-15 (방이동 137-10),송파구,B,6분,0.000595855,1순위,8점,115
2025,상,재공급,24A,꿈꾸지오,서울특별시 송파구 송파대로47길 6 (석촌동 182-4),송파구,B,5분,0.000595855,1순위,8점,115
2025,상,재공급,36A,영스테이,서울특별시 송파구 올림픽로12길 52-8 (잠실동 214-6),송파구,B,6분,0.000595855,1순위,6점,115
2025,상,재공급,40A,영스테이,서울특별시 송파구 올림픽로12길 52-8 (잠실동 214-6),송파구,B,6분,0.000595855,1순위,10점,115
2025,상,재공급,28B,서영스윗홈,서울특별시 송파구 오금로27길 50-11 (방이동 211-10),송파구,B,6분,0.000595855,2순위,6점,115
2025,상,신규공급,24B,도담마을,서울특별시 송파구 토성로17길 7 (풍납동 408-8),송파구,B,3분,0.000595855,1순위,3점,115
2025,상,신규공급,30B,도담마을,서울특별시 송파구 토성로17길 7 (풍납동 408-8),송파구,B,3분,0.000595855,1순위,8점,115
2025,상,신규공급,33A,도담마을,서울특별시 송파구 토성로17길 7 (풍납동 408-8),송파구,B,3분,0.000595855,1순위,11점,115
2025,상,재공급,36A,송파누리빌,서울특별시 송파구 백제고분로46길 41-7 (송파동 145-5),송파구,B,7분,0.000595855,1순위,8점,115
2025,상,재공급,19B,비전하우스,서울특별시 양천구 곰달래로1길 36-1 (신월동 135-16),양천구,B,24분,0.000353982,1순위,8점,40
2025,상,재공급,-,양평에스하임2 나동,서울특별시 영등포구 양평로28마길 24 (양평동6가 65),영등포구,B,8분,0.000664,1순위,9점,83
2025,상,재공급,28B,케이디하우스,서울특별시 영등포구 영등포로35나길 5 (영등포동6가 30-5 외 3필지),영등포구,B,2분,0.000664,1순위,8점,83
2025,상,재공급,29B,민하우스2,서울특별시 영등포구 가마산로46가길 5 (대림동 680-3),영등포구,B,11분,0.000664,2순위,6점,83
2025,상,재공급,36B,삼정리버뷰,서울특별시 영등포구 경인로71길 74 (문래동5가 20-21),영등포구,B,3분,0.000664,1순위,5점,83
2025,상,재공급,37A,현도빌리지VII,서울특별시 영등포구 대림로31가길 5 (대림동 729-7),영등포구,B,4분,0.000664,2순위,6점,83
2025,상,재공급,36A,현도빌리지VIII,서울특별시 영등포구 대림로34길 17 (대림동 685-24),영등포구,B,10분,0.000664,2순위,5점,83
2025,상,재공급,35A,대림하이츠,서울특별시 영등포구 디지털로38길 8-12 (대림동1081-84),영등포구,B,5분,0.000664,1순위,6점,83
2025,상,재공급,28B,명칭없음,서울특별시 영등포구 대림로 203 (대림동 740-2),영등포구,B,9분,0.000664,2순위,5점,83
2025,상,신규공급,26B,더조은,서울특별시 영등포구 여의대방로35길 11-1 (신길동 574),영등포구,B,2분,0.000664,1순위,8점,83
2025,상,신규공급,27B,태성파크타운,서울특별시 영등포구 대림로35길 14 (대림동 775-14 외 1필지),영등포구,B,8분,0.000664,2순위,6점,83
2025,상,신규공급,29B,태성파크타운,서울특별시 영등포구 대림로35길 14 (대림동 775-14 외 1필지),영등포구,B,8분,0.000664,2순위,8점,83
2025,상,신규공급,35B,태성파크타운,서울특별시 영등포구 대림로35길 14 (대림동 775-14 외 1필지),영등포구,B,8분,0.000664,1순위,5점,83
2025,상,신규공급,40A,태성파크타운,서울특별시 영등포구 대림로35길 14 (대림동 775-14 외 1필지),영등포구,B,8분,0.000664,1순위,8점,83
2025,상,재공급,20B,구산유앤아이하우스3,서울특별시 은평구 연서로11길 29-10 (구산동 24-13),은평구,C,7분,0.000286822,1순위,8점,37
2025,상,재공급,26A,다이알로그191,서울특별시 은평구 갈현로11길 26-11 (구산동 549),은평구,C,20분,0.000286822,2순위,8점,37
2025,상,재공급,31B,초행지붕 구산A동,서울특별시 은평구 갈현로11가길 3 (구산동 551),은평구,C,20분,0.000286822,2순위,3점,37
2025,상,재공급,26B,초행지붕 구산B동,서울특별시 은평구 갈현로11가길 3 (구산동 550),은평구,C,20분,0.000286822,2순위,6점,37
2025,상,재공급,29A,예그리나 10차,서울특별시 은평구 진흥로3길 2 (역촌동 41-55),은평구,C,7분,0.000286822,1순위,11점,37
2025,상,신규공급,29B,명칭없음,서울특별시 은평구 갈현로3길 3-8 (신사동 16-25),은평구,C,7분,0.000286822,1순위,5점,37
2025,상,신규공급,33B,명칭없음,서울특별시 은평구 갈현로3길 3-8 (신사동 16-25),은평구,C,7분,0.000286822,1순위,8점,37
2025,상,신규공급,47A,명칭없음,서울특별시 은평구 갈현로3길 3-8 (신사동 16-25),은평구,C,7분,0.000286822,1순위,8점,37
2025,상,신규공급,27B,명칭없음,서울특별시 은평구 연서로11길 30-9 (구산동 16-73),은평구,C,6분,0.000286822,2순위,8점,37
2025,상,신규공급,31B,명칭없음,서울특별시 은평구 연서로11길 30-9 (구산동 16-73),은평구,C,6분,0.000286822,2순위,6점,37
2025,상,재공급,18B,서도휴파크,서울특별시 종로구 종로 387 (숭인동 178-100),종로구,A,4분,0.000146341,1순위,5점,6
2025,상,신규공급,29B,미래하이츠,서울특별시 중구 퇴계로88가길 55 (신당동 163-17),중구,A,6분,0.000297297,1순위,8점,11
2025,상,재공급,여성,동일케슬,서울특별시 중랑구 동일로148길 43 (묵동 128-60 외 3필지),중랑구,C,6분,0.000419048,2순위,8점,44
2025,상,신규공급,27B,성지캐슬,서울특별시 중랑구 면목로54길 32 (면목동 456-55),중랑구,C,4분,0.000419048,2순위,8점,44
2025,상,신규공급,38A,성지캐슬,서울특별시 중랑구 면목로54길 32 (면목동 456-55),중랑구,C,4분,0.000419048,1순위,9점,44
2025,하,재공급,26B,백년빌,"서울특별시 강남구 논현로57길 39, 백년빌",강남구,A,10분,0.000184211,1순위,5점,28
2025,하,재공급,24B,백년빌,서울특별시 강남구 학동로20길 63-6,강남구,A,6분,0.000184211,1순위,6점,28
2025,하,재공급,29B,백년빌,서울특별시 강남구 학동로20길 63-6,강남구,A,6분,0.000184211,1순위,6점,28
2025,하,재공급,27B,희준빌,서울특별시 강남구 논현로121길 35,강남구,A,6분,0.000184211,1순위,6점,28
2025,하,재공급,38A,와이디하우스,"서울특별시 강동구 구천면로35길 27, 와이디하우스",강동구,C,10분,0.001442597,2순위,8점,144
2025,하,재공급,26A,은슬림7,"서울특별시 강동구 진황도로23길 20-1, 은슬림7",강동구,C,6분,0.001442597,2순위,6점,144
2025,하,재공급,30A,은슬림8,"서울특별시 강동구 진황도로23길 22, 은슬림8",강동구,C,7분,0.001442597,2순위,4점,144
2025,하,재공급,27A,HwellsPARK천호 I,서울특별시 강동구 진황도로29길 35-3,강동구,C,5분,0.001442597,2순위,8점,144
2025,하,재공급,29B,현도빌리지 V,서울특별시 강동구 아리수로66길 14,강동구,C,10분,0.001442597,2순위,4점,144
2025,하,재공급,28A,천호해마루 3차,서울특별시 강동구 구천면로33길 37-9,강동구,C,8분,0.001442597,2순위,6점,144
2025,하,재공급,25B,더클래스 길동2,서울특별시 강동구 천중로49가길 47,강동구,C,7분,0.001442597,2순위,0점,144
2025,하,재공급,28B,와이디하우스2차,서울특별시 강동구 구천면로35길 24-9,강동구,C,9분,0.001442597,2순위,5점,144
2025,하,재공급,36A,와이디하우스2차,서울특별시 강동구 구천면로35길 24-9,강동구,C,9분,0.001442597,2순위,8점,144
2025,하,재공급,29A,플래티넘7,서울특별시 강동구 진황도로27가길 21,강동구,C,5분,0.001442597,2순위,6점,144
2025,하,재공급,29A,상일프라임,서울특별시 강동구 상일로5길 10-5,강동구,C,13분,0.001442597,2순위,5점,144
2025,하,신규공급,28A,신우드림빌,서울특별시 강동구 상일로23길 7-16,강동구,C,7분,0.001442597,2순위,5점,144
2025,하,신규공급,33A,신우드림빌,서울특별시 강동구 상일로23길 7-16,강동구,C,7분,0.001442597,2순위,5점,144
2025,하,신규공급,45A,신우드림빌,서울특별시 강동구 상일로23길 7-16,강동구,C,7분,0.001442597,2순위,6점,144
2025,하,신규공급,26B,희망,서울특별시 강동구 진황도로33길 45,강동구,C,6분,0.001442597,2순위,5점,144
2025,하,신규공급,29B,희망,서울특별시 강동구 진황도로33길 45,강동구,C,6분,0.001442597,2순위,5점,144
2025,하,신규공급,37A,희망,서울특별시 강동구 진황도로33길 45,강동구,C,6분,0.001442597,2순위,6점,144
2025,하,신규공급,40A,희망,서울특별시 강동구 진황도로33길 45,강동구,C,6분,0.001442597,2순위,7점,144
2025,하,재공급,29A,해담빌,서울특별시 강동구 구천면로40길 7,강동구,C,10분,0.001442597,2순위,3점,144
2025,하,신규공급,29B,초행지붕 천호,서울특별시 강동구 상암로41길 75-11,강동구,C,5분,0.001442597,2순위,8점,144
2025,하,신규공급,29B,신우드림빌,서울특별시 강동구 상암로35길 10,강동구,C,5분,0.001442597,2순위,5점,144
2025,하,신규공급,43A,신우드림빌,서울특별시 강동구 상암로35길 10,강동구,C,5분,0.001442597,2순위,8점,144
2025,하,재공급,40A,WISH희망,서울특별시 강동구 천호옛8길 3,강동구,C,6분,0.001442597,1순위,5점,144
2025,하,재공급,21B,홍원하이빌강북7,"서울특별시 강북구 삼양로119길 22, 홍원하이빌강북7",강북구,C,5분,0.000848101,2순위,3점,67
2025,하,재공급,29B,북한산파크빌,서울특별시 강북구 삼양로169길 24-36,강북구,C,2분,0.000848101,2순위,3점,67
2025,하,재공급,38A,미래하이츠,서울특별시 강북구 수유로23길 31,강북구,C,4분,0.000848101,2순위,5점,67
2025,하,재공급,43A,미래하이츠,서울특별시 강북구 수유로23길 31,강북구,C,4분,0.000848101,2순위,8점,67
2025,하,재공급,27B,다드림12차,서울특별시 강북구 인수봉로55길 33-22,강북구,C,8분,0.000848101,3순위,7점,67
2025,하,신규공급,26B,새샘,서울특별시 강북구 삼양로136길 8,강북구,C,1분,0.000848101,2순위,5점,67
2025,하,신규공급,30B,새샘,서울특별시 강북구 삼양로136길 8,강북구,C,1분,0.000848101,2순위,8점,67
2025,하,신규공급,34B,새샘,서울특별시 강북구 삼양로136길 8,강북구,C,1분,0.000848101,2순위,5점,67
2025,하,신규공급,40A,프롬하우징,서울특별시 강북구 삼양로99길 10,강북구,C,3분,0.000848101,1순위,3점,67
2025,하,신규공급,44A,프롬하우징,서울특별시 강북구 삼양로99길 10,강북구,C,3분,0.000848101,2순위,7점,67
2025,하,신규공급,26B,홍원 루미에르 강북11,서울특별시 강북구 삼양로118길 4-11,강북구,C,3분,0.000848101,2순위,5점,67
2025,하,신규공급,30B,홍원 루미에르 강북11,서울특별시 강북구 삼양로118길 4-11,강북구,C,3분,0.000848101,3순위,6점,67
2025,하,신규공급,39A,홍원 루미에르 강북11,서울특별시 강북구 삼양로118길 4-11,강북구,C,3분,0.000848101,2순위,6점,67
2025,하,신규공급,28B,블루밍하우스,서울특별시 강북구 노해로23길 80-5,강북구,C,8분,0.000848101,2순위,4점,67
2025,하,신규공급,32A,블루밍하우스,서울특별시 강북구 노해로23길 80-5,강북구,C,8분,0.000848101,2순위,6점,67
2025,하,신규공급,37A,블루밍하우스,서울특별시 강북구 노해로23길 80-5,강북구,C,8분,0.000848101,2순위,8점,67
2025,하,재공급,-,염창동 도시형생활주택 주건축물 1동,서울특별시 강서구 공항대로75길 47,강서구,B,3분,8.45E-05,1순위,5점,15
2025,하,신규공급,31A,범우데시앙,서울특별시 강서구 강서로20길 16,강서구,B,3분,8.45E-05,2순위,8점,15
2025,하,신규공급,32A,범우데시앙,서울특별시 강서구 강서로20길 16,강서구,B,3분,8.45E-05,2순위,8점,15
2025,하,신규공급,36A,샤론빌리지,서울특별시 강서구 강서로18길 44-1,강서구,B,4분,8.45E-05,2순위,8점,15
2025,하,신규공급,29B,Step on 화곡 1083-14,서울특별시 강서구 화곡로20길 19-32,강서구,B,5분,8.45E-05,2순위,6점,15
2025,하,신규공급,39A,Step on 화곡 1083-14,서울특별시 강서구 화곡로20길 19-32,강서구,B,5분,8.45E-05,2순위,8점,15
2025,하,신규공급,45A,Step on 화곡 1083-14,서울특별시 강서구 화곡로20길 19-32,강서구,B,5분,8.45E-05,2순위,8점,15
2025,하,신규공급,52C,Step on 화곡 1083-14,서울특별시 강서구 화곡로20길 19-32,강서구,B,5분,8.45E-05,1순위,9점,15
2025,하,재공급,32A,신림파크빌,서울특별시 관악구 남부순환로155길 30,관악구,B,7분,0.000338462,1순위,5점,66
2025,하,재공급,36A,신림파크빌,서울특별시 관악구 남부순환로155길 30,관악구,B,7분,0.000338462,1순위,8점,66
2025,하,재공급,26B,스테이온III,서울특별시 관악구 남부순환로 1542,관악구,B,9분,0.000338462,1순위,6점,66
2025,하,재공급,27B,T&K신림Ⅱ,서울특별시 관악구 시흥대로160길 39,관악구,B,7분,0.000338462,2순위,8점,66
2025,하,재공급,35A,나르하우스,서울특별시 관악구 관천로15길 31,관악구,B,9분,0.000338462,1순위,6점,66
2025,하,재공급,29B,구의 에스하임 1,서울특별시 광진구 광나루로30나길 15,광진구,B,10분,0.000429825,2순위,8점,49
2025,하,재공급,37A,구의 에스하임 1,서울특별시 광진구 광나루로30나길 15,광진구,B,10분,0.000429825,1순위,3점,49
2025,하,신규공급,35A,중곡에스하임4,서울특별시 광진구 면목로 140,광진구,B,3분,0.000429825,2순위,8점,49
2025,하,신규공급,38A,중곡에스하임4,서울특별시 광진구 면목로 140,광진구,B,3분,0.000429825,1순위,6점,49
2025,하,신규공급,41A,중곡에스하임4,서울특별시 광진구 면목로 140,광진구,B,3분,0.000429825,1순위,8점,49
2025,하,신규공급,27B,인화빌 주건축물제1동,서울특별시 광진구 긴고랑로5길 27,광진구,B,6분,0.000429825,2순위,7점,49
2025,하,신규공급,37A,인화빌 주건축물제1동,서울특별시 광진구 긴고랑로5길 27,광진구,B,6분,0.000429825,2순위,8점,49
2025,하,신규공급,50A,인화빌 주건축물제1동,서울특별시 광진구 긴고랑로5길 27,광진구,B,6분,0.000429825,1순위,8점,49
2025,하,재공급,29A,자양에스하임11,서울특별시 광진구 아차산로46가길 10-3,광진구,B,6분,0.000429825,1순위,7점,49
2025,하,재공급,27B,명칭없음,서울특별시 광진구 긴고랑로1길 35,광진구,B,8분,0.000429825,2순위,6점,49
2025,하,재공급,39A,명칭없음,서울특별시 광진구 긴고랑로1길 35,광진구,B,8분,0.000429825,1순위,6점,49
2025,하,재공급,27B,비젼파크타운 나동,서울특별시 구로구 경서로5길 7-6,구로구,C,10분,0.00106087,2순위,8점,122
2025,하,재공급,26B,광성주택,서울특별시 구로구 고척로37길 21,구로구,C,23분,0.00106087,2순위,6점,122
2025,하,재공급,29B,개봉파크빌Ⅰ,서울특별시 구로구 경인로33라길 36,구로구,C,10분,0.00106087,2순위,6점,122
2025,하,재공급,26B,개봉파크빌Ⅱ,서울특별시 구로구 경인로33마길 4-7,구로구,C,12분,0.00106087,2순위,5점,122
2025,하,재공급,-,에이스빌,서울특별시 구로구 경인로33가길 25,구로구,C,8분,0.00106087,2순위,2점,122
2025,하,재공급,20B,명진하이빌,"서울특별시 구로구 부일로17길 44, 명진하이빌",구로구,C,12분,0.00106087,2순위,5점,122
2025,하,재공급,20B,석윤주택,서울특별시 구로구 고척로21가길 2-9,구로구,C,12분,0.00106087,2순위,3점,122
2025,하,재공급,19B,하늘사랑채5차 A동,서울특별시 구로구 고척로27다길 39-11 A동,구로구,C,24분,0.00106087,2순위,3점,122
2025,하,재공급,21B,하늘사랑채,서울특별시 구로구 고척로21가길 32-10,구로구,C,12분,0.00106087,2순위,4점,122
2025,하,재공급,19B,하늘사랑채5차 B동,서울특별시 구로구 고척로27다길 39-7 B동,구로구,C,25분,0.00106087,2순위,3점,122
2025,하,재공급,21A,예하임,서울특별시 구로구 오리로22나길 16-50,구로구,C,23분,0.00106087,3순위,6점,122
2025,하,재공급,28B,오류동 청년주택,서울특별시 구로구 경인로27길 13,구로구,C,4분,0.00106087,2순위,7점,122
2025,하,재공급,19B,하늘사랑채7차,서울특별시 구로구 안양천로537가길 18-8,구로구,C,8분,0.00106087,2순위,6점,122
2025,하,재공급,31A,라온에코빌,서울특별시 구로구 가마산로20길 56,구로구,C,7분,0.00106087,2순위,8점,122
2025,하,재공급,53C,백년빌,서울특별시 구로구 개봉로17길 30-4,구로구,C,7분,0.00106087,1순위,7점,122
2025,하,재공급,29B,대정이오스,서울특별시 구로구 오리로13길 50,구로구,C,9분,0.00106087,2순위,4점,122
2025,하,재공급,21B,서전하우스,서울특별시 금천구 범안로12가길 31-10,금천구,C,5분,0.001,2순위,5점,78
2025,하,재공급,26B,SHIN YOUNG,서울특별시 금천구 범안로11길 60,금천구,C,5분,0.001,2순위,8점,78
2025,하,재공급,29B,아이유하임,서울특별시 금천구 독산로 293,금천구,C,26분,0.001,2순위,6점,78
2025,하,재공급,30A,스타힐스,서울특별시 금천구 독산로23길 19,금천구,C,20분,0.001,2순위,9점,78
2025,하,재공급,23B,서전하우스,서울특별시 금천구 범안로12길 29-34,금천구,C,5분,0.001,2순위,6점,78
2025,하,재공급,29A,1동,서울특별시 금천구 범안로12길 50,금천구,C,4분,0.001,2순위,8점,78
2025,하,재공급,-,제기홈,서울특별시 동대문구 경동시장로9가길 21,동대문구,B,6분,0.000284404,2순위,8점,31
2025,하,재공급,26B,제이하우스,서울특별시 동대문구 제기로6길 38,동대문구,B,6분,0.000284404,1순위,3점,31
2025,하,재공급,26B,휘경 에스하임,서울특별시 동대문구 망우로 109,동대문구,B,8분,0.000284404,2순위,8점,31
2025,하,재공급,28B,휘경 에스하임,서울특별시 동대문구 망우로 109,동대문구,B,8분,0.000284404,2순위,8점,31
2025,하,재공급,35C,삼화에코빌2차 B동,서울특별시 동대문구 답십리로65길 114,동대문구,B,29분,0.000284404,1순위,6점,31
2025,하,재공급,33A,더존에이스빌 가동,서울특별시 동대문구 천호대로89길 51 가동,동대문구,B,7분,0.000284404,1순위,7점,31
2025,하,재공급,28B,초행지붕-상도,서울특별시 동작구 양녕로22바길 20,동작구,B,8분,0.000106557,1순위,6점,13
2025,하,신규공급,24B,동원스위트,서울특별시 마포구 동교로17길 93,마포구,A,6분,0.000226115,1순위,5점,28
2025,하,신규공급,26B,동원스위트,서울특별시 마포구 동교로17길 93,마포구,A,6분,0.000226115,1순위,3점,28
2025,하,신규공급,29B,동원스위트,서울특별시 마포구 동교로17길 93,마포구,A,6분,0.000226115,1순위,6점,28
2025,하,신규공급,34B,동원스위트,서울특별시 마포구 동교로17길 93,마포구,A,6분,0.000226115,1순위,7점,28
2025,하,신규공급,42A,동원스위트,서울특별시 마포구 동교로17길 93,마포구,A,6분,0.000226115,1순위,8점,28
2025,하,신규공급,26B,삼화에코빌,서울특별시 마포구 월드컵북로9길 62,마포구,A,6분,0.000226115,1순위,3점,28
2025,하,신규공급,36A,삼화에코빌,서울특별시 마포구 월드컵북로9길 62,마포구,A,6분,0.000226115,1순위,8점,28
2025,하,신규공급,42A,삼화에코빌,서울특별시 마포구 월드컵북로9길 62,마포구,A,6분,0.000226115,1순위,8점,28
2025,하,재공급,-,명칭없음,서울특별시 서대문구 증가로8길 68-24,서대문구,B,30분,0.000381443,2순위,7점,37
2025,하,재공급,17B,주영테크빌,서울특별시 서대문구 증가로12가길 68,서대문구,B,11분,0.000381443,2순위,8점,37
2025,하,재공급,-,제이씨아트빌2차,서울특별시 서대문구 명지대5길 13,서대문구,B,22분,0.000381443,2순위,8점,37
2025,하,재공급,26B,백년빌,서울특별시 서초구 논현로5길 24-10,서초구,A,12분,0.000342105,2순위,8점,39
2025,하,재공급,33A,백년빌,서울특별시 서초구 논현로5길 24-10,서초구,A,12분,0.000342105,1순위,8점,39
2025,하,신규공급,28B,예미담,서울특별시 서초구 논현로5길 23-7,서초구,A,13분,0.000342105,1순위,5점,39
2025,하,재공급,29B,백년빌,"서울특별시 서초구 논현로7길 36, 백년빌",서초구,A,11분,0.000342105,2순위,7점,39
2025,하,신규공급,34B,예미담,서울특별시 서초구 논현로5길 23-7,서초구,A,13분,0.000342105,1순위,6점,39
2025,하,재공급,-,명칭없음,서울특별시 성동구 자동차시장3길 93,성동구,A,6분,0.000159091,1순위,6점,14
2025,하,재공급,21B,마장동 564-7 청년주택,서울특별시 성동구 고산자로17길 9-1,성동구,A,8분,0.000159091,1순위,8점,14
2025,하,재공급,20B,명칭없음,서울특별시 성동구 가람길 267,성동구,A,7분,0.000159091,1순위,6점,14
2025,하,재공급,-,광진홈,서울특별시 성북구 솔샘로6가길 42,성북구,A,3분,0.000327273,1순위,3점,45
2025,하,재공급,-,드림빌2차,서울특별시 성북구 서경로13길 33,성북구,A,8분,0.000327273,1순위,3점,45
2025,하,재공급,29B,정목빌,서울특별시 성북구 장월로28길 49,성북구,A,10분,0.000327273,2순위,6점,45
2025,하,재공급,50A,미래하이츠,서울특별시 성북구 회기로3길 8,성북구,A,2분,0.000327273,1순위,8점,45
2025,하,재공급,-,서도휴빌,서울특별시 성북구 장월로1마길 23,성북구,A,6분,0.000327273,1순위,3점,45
2025,하,재공급,27B,유케이타운,서울특별시 송파구 삼전로10길 54,송파구,B,3분,0.000595855,1순위,5점,115
2025,하,재공급,28B,티엘하우스,서울특별시 송파구 중대로14길 6,송파구,B,1분,0.000595855,2순위,8점,115
2025,하,재공급,27B,드림네스트,서울특별시 송파구 가락로5길 3-75,송파구,B,5분,0.000595855,2순위,8점,115
2025,하,재공급,23B,네스트197,서울특별시 송파구 오금로46길 65,송파구,B,9분,0.000595855,2순위,5점,115
2025,하,재공급,24B,서도휴빌,서울특별시 송파구 문정로5길 3-34,송파구,B,6분,0.000595855,2순위,6점,115
2025,하,재공급,28B,광채빌라,서울특별시 송파구 삼전로2길 49,송파구,B,8분,0.000595855,2순위,5점,115
2025,하,재공급,40A,서영스윗홈,서울특별시 송파구 오금로27길 50-11,송파구,B,6분,0.000595855,1순위,3점,115
2025,하,신규공급,28B,명칭없음,서울특별시 송파구 도곡로62길 11-8,송파구,B,11분,0.000595855,2순위,8점,115
2025,하,신규공급,44A,명칭없음,서울특별시 송파구 도곡로62길 11-8,송파구,B,11분,0.000595855,1순위,8점,115
2025,하,신규공급,28B,펠리스빌,서울특별시 송파구 양재대로71길 42-23,송파구,B,7분,0.000595855,2순위,5점,115
2025,하,신규공급,39A,펠리스빌,서울특별시 송파구 양재대로71길 42-23,송파구,B,7분,0.000595855,1순위,8점,115
2025,하,신규공급,29B,현도빌리지9,서울특별시 송파구 송이로6길 6-1,송파구,B,6분,0.000595855,2순위,5점,115
2025,하,신규공급,33B,현도빌리지9,서울특별시 송파구 송이로6길 6-1,송파구,B,6분,0.000595855,2순위,6점,115
2025,하,신규공급,25B,포엠빌,서울특별시 송파구 동남로2길 11,송파구,B,3분,0.000595855,2순위,5점,115
2025,하,신규공급,29A,포엠빌,서울특별시 송파구 동남로2길 11,송파구,B,3분,0.000595855,2순위,8점,115
2025,하,신규공급,29B,포엠빌,서울특별시 송파구 동남로2길 11,송파구,B,3분,0.000595855,2순위,5점,115
2025,하,신규공급,34A,포엠빌,서울특별시 송파구 동남로2길 11,송파구,B,3분,0.000595855,1순위,8점,115
2025,하,신규공급,49C,포엠빌,서울특별시 송파구 동남로2길 11,송파구,B,3분,0.000595855,1순위,9점,115
2025,하,신규공급,26B,서도휴빌,서울특별시 송파구 풍성로14길 20,송파구,B,7분,0.000595855,2순위,6점,115
2025,하,신규공급,29B,서도휴빌,서울특별시 송파구 풍성로14길 20,송파구,B,7분,0.000595855,2순위,8점,115
2025,하,신규공급,32B,서도휴빌,서울특별시 송파구 풍성로14길 20,송파구,B,7분,0.000595855,2순위,8점,115
2025,하,재공급,22B,에코리움빌,"서울특별시 양천구 남부순환로56가길 14, 에코리움빌",양천구,B,28분,0.000353982,2순위,5점,40
2025,하,재공급,28B,에코리움빌,"서울특별시 양천구 남부순환로56가길 14, 에코리움빌",양천구,B,28분,0.000353982,2순위,5점,40
2025,하,재공급,27B,에코리움빌,"서울특별시 양천구 남부순환로60길 12-10, 에코리움빌",양천구,B,29분,0.000353982,2순위,3점,40
2025,하,재공급,39A,다온빌리지,서울특별시 양천구 목동중앙본로20길 35,양천구,B,9분,0.000353982,1순위,3점,40
2025,하,재공급,35A,T&K신정,서울특별시 양천구 오목로38길 23-5,양천구,B,3분,0.000353982,2순위,6점,40
2025,하,재공급,20B,명칭없음,서울특별시 영등포구 선유서로26길 28,영등포구,B,4분,0.000664,2순위,6점,83
2025,하,재공급,29B,경동파크빌,서울특별시 영등포구 대림로35나길 14,영등포구,B,7분,0.000664,2순위,4점,83
2025,하,재공급,35A,경동파크빌,서울특별시 영등포구 대림로35나길 14,영등포구,B,7분,0.000664,2순위,8점,83
2025,하,재공급,20B,로프트시티,서울특별시 영등포구 영등포로 244,영등포구,B,5분,0.000664,1순위,6점,83
2025,하,재공급,27B,삼정주택,서울특별시 영등포구 영신로47길 13-1,영등포구,B,6분,0.000664,1순위,6점,83
2025,하,재공급,27A,Oaktreevil DR2,서울특별시 영등포구 대림로35길 8-1,영등포구,B,9분,0.000664,2순위,6점,83
2025,하,재공급,41A,민하우스2,서울특별시 영등포구 가마산로46가길 5,영등포구,B,11분,0.000664,1순위,7점,83
2025,하,재공급,29B,삼정리버뷰,서울특별시 영등포구 경인로71길 74,영등포구,B,3분,0.000664,2순위,8점,83
2025,하,신규공급,31A,아트라움,서울특별시 영등포구 신길로8길 10,영등포구,B,7분,0.000664,1순위,6점,83
2025,하,신규공급,37A,아트라움,서울특별시 영등포구 신길로8길 10,영등포구,B,7분,0.000664,1순위,3점,83
2025,하,재공급,27B,응암에코타운,서울특별시 은평구 은평로16길 12,은평구,C,7분,0.000286822,2순위,6점,37
2025,하,재공급,19B,리츠하우스2,서울특별시 은평구 갈현로11가길 14-4,은평구,C,13분,0.000286822,2순위,5점,37
2025,하,재공급,29B,초행지붕 구산 A동,서울특별시 은평구 갈현로11가길 3 B동,은평구,C,20분,0.000286822,2순위,5점,37
2025,하,신규공급,23B,삼화에코빌,서울특별시 은평구 불광로8길 4,은평구,C,4분,0.000286822,2순위,5점,37
2025,하,신규공급,26B,삼화에코빌,서울특별시 은평구 불광로8길 4,은평구,C,4분,0.000286822,2순위,6점,37
2025,하,신규공급,36A,삼화에코빌,서울특별시 은평구 불광로8길 4,은평구,C,4분,0.000286822,2순위,9점,37
2025,하,신규공급,45A,삼화에코빌,서울특별시 은평구 불광로8길 4,은평구,C,4분,0.000286822,1순위,6점,37
2025,하,재공급,28B,남산의 아침 B동,서울특별시 중구 필동로8길 50-9 B동,중구,A,8분,0.000297297,1순위,9점,11
2025,하,재공급,18B,도원휴먼빌,"서울특별시 중랑구 동일로123길 76, 도원휴먼빌",중랑구,C,5분,0.000419048,2순위,5점,44
2025,하,재공급,19B,도원휴먼빌,"서울특별시 중랑구 동일로169가길 27, 도원휴먼빌",중랑구,C,4분,0.000419048,2순위,6점,44
2025,하,재공급,28B,드림빌,서울특별시 중랑구 숙선옹주로3길 20-3,중랑구,C,7분,0.000419048,2순위,6점,44
2025,하,신규공급,28B,엠제이캐슬,서울특별시 중랑구 동일로124길 19,중랑구,C,5분,0.000419048,2순위,5점,44
2025,하,신규공급,31A,엠제이캐슬,서울특별시 중랑구 동일로124길 19,중랑구,C,5분,0.000419048,2순위,5점,44
2025,하,신규공급,39A,엠제이캐슬,서울특별시 중랑구 동일로124길 19,중랑구,C,5분,0.000419048,1순위,0점,44
2025,하,신규공급,28B,스위트휴,서울특별시 중랑구 동일로151길 19-1,중랑구,C,4분,0.000419048,2순위,4점,44
2025,하,신규공급,38A,스위트휴,서울특별시 중랑구 동일로151길 19-1,중랑구,C,4분,0.000419048,2순위,6점,44
2025,하,신규공급,26B,파크빌,서울특별시 중랑구 봉우재로5길 9-28,중랑구,C,7분,0.000419048,2순위,5점,44
2025,하,신규공급,29B,파크빌,서울특별시 중랑구 봉우재로5길 9-28,중랑구,C,7분,0.000419048,2순위,5점,44
2025,하,신규공급,31A,파크빌,서울특별시 중랑구 봉우재로5길 9-28,중랑구,C,7분,0.000419048,2순위,5점,44
2025,하,신규공급,46C,파크빌,서울특별시 중랑구 봉우재로5길 9-28,중랑구,C,7분,0.000419048,1순위,8점,44
2025,하,신규공급,26B,포엠빌,서울특별시 중랑구 중랑역로 122-40,중랑구,C,3분,0.000419048,2순위,3점,44
2025,하,신규공급,30B,포엠빌,서울특별시 중랑구 중랑역로 122-40,중랑구,C,3분,0.000419048,2순위,4점,44
2025,하,신규공급,36A,포엠빌,서울특별시 중랑구 중랑역로 122-40,중랑구,C,3분,0.000419048,2순위,6점,44
2025,하,신규공급,42A,포엠빌,서울특별시 중랑구 중랑역로 122-40,중랑구,C,3분,0.000419048,2순위,8점,44
